,bitcoin_price,ethereum_price,dogecoin_price,date,bitcoin_volume,ethereum_volume,dogecoin_volume
0,14884.979991501625,328.65313617052533,0.0039007206761399373,2020-05-19,59676585389.02223,20456353710.130592,315913883.66997427
1,14922.86592517302,326.5385235165648,0.0038912578116815275,2020-05-20,56689738978.0404,15618375339.864637,186766784.18412316
2,14452.798040455416,318.47376680406956,0.0037806895449174135,2020-05-21,52839821528.89777,15822951373.40629,176492255.31362838
3,13795.940127826378,302.89906118170313,0.003681199445190235,2020-05-22,54765261625.15147,12349857479.23314,206428343.49192578
4,13971.4943496681,315.52595161635986,0.0038575696162155668,2020-05-23,42382110562.0333,16274419922.272224,218432288.3748903
5,14030.54238283159,315.80666971174423,0.003874516922482305,2020-05-24,40024080743.46743,13042059727.291048,213957040.62301415
6,13339.45289230501,306.59081085916,0.003705855164976621,2020-05-25,44971029538.233925,16472558235.693275,180542057.91965243
7,13568.364485632546,311.28612328829405,0.003818842121702928,2020-05-26,44492702199.859665,14230372209.068354,229127652.3311978
8,13291.62175663056,302.1940125775281,0.0037709884554083047,2020-05-27,40391299039.35037,12922304865.29357,189219288.6405024
9,13855.441914239727,313.90445739601034,0.0038545443214950104,2020-05-28,43671379233.61266,13249718617.622766,205076572.0370157
10,14390.701979001045,331.03516118489983,0.0038672711117232043,2020-05-29,47895060826.34887,18586711352.174145,240788205.11070544
11,14137.85242397814,330.67060366885374,0.0037513255091619845,2020-05-30,43311734282.72664,15499804572.718891,202829586.15311515
12,14491.159997060498,363.9918424706596,0.003906627166212631,2020-05-31,45338161686.23991,20315335108.492954,189038261.17139184
13,14209.739228613687,348.72465360343557,0.0038347951406674605,2020-06-01,41121898355.01179,16341262077.882292,181794400.03435853
14,14987.540009896888,365.6179391901011,0.003982681082771516,2020-06-02,49677577446.61218,18472743370.820786,193521396.67635232
15,13762.629866550904,343.1751019317578,0.0036527409413743077,2020-06-03,53286193139.763,16241190714.419973,190389652.17403746
16,13921.593968887115,352.36221060153787,0.0037424937517315606,2020-06-04,36404613565.58037,13024870475.490051,173037689.55888605
17,13962.412217684301,348.0644852347381,0.003724442409468985,2020-06-05,35566663027.145645,14372758027.847303,176361790.49660492
18,13829.922495179791,344.776262971457,0.0037106041323193084,2020-06-06,33649987939.511776,11800505327.205462,181230482.25477153
19,13867.081567560692,347.32307789622587,0.0037088106443098246,2020-06-07,27803965641.416286,10880236838.065569,162540188.6082731
20,13908.653837015889,348.8041478914217,0.003710543639626454,2020-06-08,34072004484.655266,13423374537.509989,182508392.14582962
21,13911.790235536831,350.4809424178416,0.0036711013578767052,2020-06-09,30113847764.6723,11571993592.098484,166062534.3895804
22,14059.623687336263,351.02188131446184,0.0036831154695199067,2020-06-10,32884375162.305267,12368876238.28227,159229292.40402696
23,14150.947058836555,354.56798063017095,0.0036961211909245827,2020-06-11,34963928755.64206,10863421630.870142,172224027.01177853
24,13635.89439133445,339.21716430736217,0.0035784375853562325,2020-06-12,45655486331.48563,17705816810.993477,181778936.26234034
25,13792.223735290421,346.05100144842083,0.0036501553572983038,2020-06-13,34375152272.101616,13387280748.24509,203413113.31692305
26,13792.136577327155,347.07085808738526,0.003683179687002976,2020-06-14,28683210991.678932,9595879858.219746,190024519.11537978
27,13687.33732261617,339.93319637711267,0.003652533844704075,2020-06-15,27585908332.710262,9544334021.253975,167370754.78207192
28,13572.385494097283,332.4369448792619,0.003553592478206193,2020-06-16,41962985316.26812,13727645975.751398,214068118.499756
29,13818.973084198931,341.2104118881349,0.003599800466356667,2020-06-17,38288673516.778336,9943975978.742865,209161797.16863775
30,13761.553925162292,340.0828369223753,0.0035997971140687294,2020-06-18,34381802478.27635,8841303054.566103,194692261.66369322
31,13704.992199315424,337.79976556253,0.00358627202221755,2020-06-19,30036654869.105053,8840303525.976418,169406119.1458832
32,13625.333002508503,334.9854161089208,0.0035763425240065458,2020-06-20,34731338152.52915,10008633413.185265,188781168.84734005
33,13694.782237068543,334.85364535308645,0.003585443779420259,2020-06-21,28931603384.473476,7900951594.407567,163651750.11774278
34,13627.268503283827,333.8099035905509,0.003581339998736597,2020-06-22,27825394112.693016,7321152785.680319,164036928.64853957
35,13968.720826621497,351.12490002414427,0.0035736825844189853,2020-06-23,35747213554.447624,8618301126.221132,188857735.14303428
36,13866.725394718933,350.21579171796446,0.0035671191235075337,2020-06-24,25583044638.420425,9064472454.364601,161449699.07821226
37,13546.861011571737,341.8890205436284,0.0035302966564870024,2020-06-25,33814070795.77073,11877995670.925976,192465458.25543433
38,13441.714467016634,337.66144263656844,0.0034982912881759533,2020-06-26,34116056695.533768,9174180074.723528,159348668.65852228
39,13355.60729307186,334.5813369678325,0.0034354099328538787,2020-06-27,32679439960.31191,9490921667.95373,157871650.42830423
40,13133.296463355378,322.0358903825691,0.003348694468988463,2020-06-28,31348354428.266964,8982402000.320858,153936429.26541603
41,13317.021871631445,328.00863502169256,0.0033737782088949183,2020-06-29,28653660929.438354,8220194199.009897,184722020.99331775
42,13361.698507351346,331.9823348499522,0.003359973558712072,2020-06-30,28736891372.86054,8426214053.555871,176322787.37460074
43,13256.629613334851,326.92482118947345,0.0033562655556534245,2020-07-01,28602497679.171635,7655856502.723881,180238752.4770482
44,13348.051612304243,333.5496261774666,0.003408991595219225,2020-07-02,28928355898.81548,7674671561.306197,149398849.25763294
45,13141.125916555875,327.3771591548822,0.0033627318066821992,2020-07-03,28002975761.412724,6397801607.537364,91730214.783466
46,13061.751252327329,324.22812860515785,0.0033192220021042813,2020-07-04,25083510637.307487,6556057151.102829,90916719.31438431
47,13150.337767665756,329.87004581315904,0.003327005391179463,2020-07-05,23965061019.41936,7070561419.946773,95876349.58694293
48,13075.50688578196,327.91529476745217,0.0033199011590377353,2020-07-06,24927478107.553764,7554803055.6473875,105325073.78072643
49,13392.165908909481,346.22536078590764,0.003728304115732915,2020-07-07,31518141317.43506,10342060670.219303,125096937.0749762
50,13320.324187129427,343.9822008038888,0.004393584758892403,2020-07-08,27271835541.499325,9198305005.743654,319133855.2043206
51,13502.503946790795,353.387803546362,0.006791296782020257,2020-07-09,29645116275.78869,9814344983.42918,1661072448.0194364
52,13268.86125401269,347.71825976799374,0.006284938340904746,2020-07-10,27987315234.30041,7838659065.725413,619162395.2573451
53,13360.5541325776,346.7975496464841,0.005101160559112702,2020-07-11,26229738393.453842,7122147996.574639,399036107.291231
54,13286.78443539558,344.03171035586314,0.005474499019262882,2020-07-12,23261964554.635124,6260289227.311524,290164570.35675853
55,13373.820120026545,347.77262011214805,0.005234911917560602,2020-07-13,24703629294.843613,7614874148.827305,186139178.86491853
56,13305.635340713769,345.05229454842254,0.00455151785324673,2020-07-14,26271663419.087605,8313685368.369337,257943823.53288847
57,13240.995669400349,344.01944437077447,0.004713334341081237,2020-07-15,27417233976.05321,6865642695.734263,201833981.28745824
58,13129.603316398872,340.5588720611789,0.004407983372600826,2020-07-16,23633115363.725216,6595421386.335226,156355945.10350606
59,13096.271817613635,335.18299802650296,0.004290859645571618,2020-07-17,26891353352.62563,6932889794.263036,171413017.48996446
60,13089.748909285785,332.78277067539466,0.0043852259652167385,2020-07-18,23589226632.88971,6211409670.447666,172509493.65122136
61,13107.084373372913,336.92811480436455,0.00499959313261702,2020-07-19,22356631578.521336,6217822023.400014,350595876.3713828
62,13141.565484202158,341.1483632179447,0.004837711395126024,2020-07-20,22970332859.95531,6358777037.351246,262015523.348548
63,13045.040610641898,336.02588469464484,0.004603499422613622,2020-07-21,24316330982.858944,7335149875.333475,225272557.87953344
64,13147.534801175949,343.6090025984239,0.004630501180220279,2020-07-22,28087394195.634216,7176622905.608473,210615769.65600652
65,13325.316936250852,369.4652714003787,0.004597781205858108,2020-07-23,27594355054.345745,9184020065.095572,144306945.00157
66,13501.504367201216,386.7833849629018,0.004640772874695459,2020-07-24,37965640834.14699,10748958716.850115,152296373.03286758
67,13421.452417448652,393.2824045862226,0.004537443102203812,2020-07-25,50402446027.51419,10622842599.313702,158916191.96762112
68,13640.856210020342,429.328979695683,0.0045896491364379914,2020-07-26,51690471425.7122,14578966688.809809,156418008.77344733
69,13976.043586979158,437.2276518215112,0.0045543646284666416,2020-07-27,27757364286.516903,14401370658.521208,150316987.4606753
70,15318.66000163919,447.8334297361503,0.004365817301706222,2020-07-28,48482497930.032906,21045513620.41912,163423428.25407434
71,15232.772558790479,441.9797521086671,0.004456185295613242,2020-07-29,38606154917.467125,17407903893.237225,142024198.6373764
72,15455.06589277229,442.37955943309004,0.004410355921673922,2020-07-30,32937008031.94705,14409550659.96835,134452437.50621837
73,15447.25378357859,464.6703253654435,0.0044976150924719615,2020-07-31,30940041618.047062,14623700650.770699,135651995.94615614
74,15864.78727719916,484.68032729287535,0.004487721889278308,2020-08-01,31279491586.750977,16303057291.570559,122563176.83194882
75,16546.334457244535,543.4281918069987,0.0051926127875502335,2020-08-02,36699379456.200066,21543564847.05836,265762150.6417927
76,15494.400152312473,518.9421793679863,0.004673201545832493,2020-08-03,38622345606.34061,21280653787.601498,188678074.1431136
77,15782.087131802451,542.7692046886286,0.004754516766825736,2020-08-04,28924476652.40363,15702329958.609674,150835146.66481838
78,15594.413975880487,542.891808029731,0.004936540741545077,2020-08-05,28627428868.157475,16889765897.874775,166141465.6092072
79,16274.494378657497,555.7344234707186,0.004869599370784809,2020-08-06,31051062286.719326,14690236537.207918,164478192.77090082
80,16268.353935894544,545.4176652595024,0.0049193917128664034,2020-08-07,30127255837.79547,15449182748.104788,146665362.78402597
81,16168.86329838456,529.7663115392583,0.004863254282751937,2020-08-08,30216287802.767803,17424046332.73866,241168273.12019613
82,16400.01210293918,546.9102549637054,0.004890808459574863,2020-08-09,24150351683.105892,10403110102.661081,243793222.28520298
83,16320.709845380023,544.2954423061135,0.004832404349095989,2020-08-10,23820674585.564224,8298512674.657779,219202757.4317485
84,16579.120197280557,552.5034592927516,0.004880994547722435,2020-08-11,33745274241.37823,17779133870.23717,231774111.04264465
85,15951.186295908086,530.7248503084467,0.004748013158842993,2020-08-12,34213266056.873417,18370451705.826817,233123989.8557928
86,16159.173052535001,540.7391657404451,0.00483971778141497,2020-08-13,31821620762.20465,17873795085.126377,268602250.5176933
87,16532.342479090417,598.0635836427087,0.004866400813554266,2020-08-14,34633594801.08192,24373640761.665783,261669086.99142152
88,16420.66318355559,611.7460538682241,0.00497140645868659,2020-08-15,30186868461.349483,21676001636.792587,235093520.74663588
89,16542.68052052811,603.2300649733768,0.00492988686738001,2020-08-16,29677637909.91642,14312438407.159672,194274350.7045639
90,16547.14696767527,602.7281786528897,0.004906503124205137,2020-08-17,26707434944.916622,17633306927.451756,214066310.25237778
91,17011.30666546019,596.0491338746403,0.004996575584788958,2020-08-18,35321373657.992035,16213872828.622393,216671320.01334155
92,16477.35441623213,581.856292496351,0.004829161649654491,2020-08-19,34232253109.48448,16628338493.03316,226932191.39134526
93,16331.375000358423,565.7788669520871,0.004761307574588685,2020-08-20,32548118129.92206,17888326222.44903,217990353.32632908
94,16458.416869341276,577.8559786518894,0.0047824437800388945,2020-08-21,28240475346.736107,14658151311.050098,240217024.3109878
95,16082.126231723929,540.2417281707264,0.004726553726580694,2020-08-22,32689525272.29945,17483359258.083424,244421452.0345268
96,16307.344804544182,552.8965795076989,0.004809424821629402,2020-08-23,27335526224.62381,14822188171.674421,222531143.79306367
97,16256.710432256998,545.4142352686179,0.004761951177232194,2020-08-24,25774217562.991543,13643158340.023415,192253273.23665833
98,16402.553968696164,569.5003470097274,0.0047470040350540465,2020-08-25,27984150057.876232,15354607653.724533,216551863.205237
99,15757.388389597621,532.6089949682571,0.004565837987990891,2020-08-26,32516832918.058243,17848970572.225735,217716135.19066447
100,15825.257689159105,532.4580331023517,0.004539061941428125,2020-08-27,28806971402.328663,14429817831.52262,235665959.6484768
101,15550.08267449748,525.4334276651467,0.004388745087352081,2020-08-28,29717386140.390446,14403064711.652388,232694848.05092734
102,15635.049136789556,536.3262336255511,0.0044361759714619895,2020-08-29,26157123405.177692,13839446147.413504,249540550.31931165
103,15583.964538051903,542.0762602150442,0.004453566493609101,2020-08-30,24995515588.171406,13073583601.037308,263076225.98737073
104,15877.72419356431,581.1775350236563,0.004471962727644771,2020-08-31,27016352556.971508,17566676402.658394,239749530.64292267
105,15818.403660964254,590.4537993330848,0.00435784772424335,2020-09-01,28564051736.19229,19282811122.846203,249837358.8964886
106,16120.21906440694,644.640246054166,0.004381855159080363,2020-09-02,34194819947.343273,25483639770.43245,254879575.49007207
107,15569.989277804661,599.2574399531976,0.004215472288471799,2020-09-03,35506553860.65813,26345542089.03554,162763201.76657343
108,14059.431609388157,529.0028041741983,0.0038434463408816293,2020-09-04,68124058559.20159,23940606300.130085,191090589.14877978
109,14392.252681341111,532.4840067218322,0.0039767949313247964,2020-09-05,37919340803.92073,14085416868.457771,194751166.79386604
110,13971.265679551281,459.13206147014336,0.003764129633353437,2020-09-06,77462703957.03017,30549444146.359226,190165967.71201837
111,14091.65212823752,484.81929777652863,0.003807711022142145,2020-09-07,39556846645.40585,30106100512.710075,219784572.80358478
112,14228.18003327491,483.3253537832282,0.003882330917277502,2020-09-08,36479033845.27862,20286371272.669346,232593280.91648018
113,14040.81386525487,468.5292613894365,0.0038409233159564875,2020-09-09,66259645724.71284,20523689011.70733,211366919.62262288
114,14055.588057175668,482.5745196622121,0.003817953302884498,2020-09-10,29343287158.976402,18027353874.989437,158603179.4462302
115,14238.04049171352,506.1281456538092,0.0038722833866169605,2020-09-11,106757209524.30862,102904704481.04771,225074694.99973443
116,14248.947380631169,513.3724528171266,0.0038259352517168066,2020-09-12,28553313197.65261,17762877313.631363,207163148.41506094
117,14332.920215939555,532.3312052666473,0.003872869519973936,2020-09-13,27398220374.503822,15741411382.521656,184043579.17654538
118,14185.94353441087,502.25608213969036,0.0038154656690363126,2020-09-14,28920835267.401325,18091201507.79089,182603341.27349046
119,14633.058215087314,516.6316466930434,0.003836338359881677,2020-09-15,32291184592.04986,19387470784.89464,201204517.57682553
120,14785.295619486216,499.8387054442901,0.003889812970086829,2020-09-16,32622786075.85631,16734006687.73398,178774931.89764115
121,15007.200045419366,500.1540028490424,0.003863359849123602,2020-09-17,33514794649.771713,18215810661.28478,212855963.02303436
122,14949.659707495885,531.4888442513321,0.0038494814864109364,2020-09-18,32183420328.90145,22895580967.65035,233215441.1734996
123,14986.969100828124,525.534996757684,0.003813781843289007,2020-09-19,28365774006.95577,13555233535.38794,213938852.94190633
124,15202.091692325936,528.6885088959135,0.0038218946005112264,2020-09-20,25146098573.293636,15150384648.626225,216374092.92317915
125,14975.771628809956,508.5932745888044,0.0037998424893261004,2020-09-21,27641535569.10747,15587637069.151505,226986033.82624954
126,14442.473870939953,472.1569105611765,0.003626119355697403,2020-09-22,32866514174.913765,20528118421.77305,179152164.11686566
127,14669.477788457762,479.2257154919679,0.003688382901872899,2020-09-23,27682725667.54928,16675348741.17293,153102119.48015133
128,14467.04301434187,454.33677171369527,0.0035966248036610787,2020-09-24,28275253547.166718,13923857339.41879,123739509.22446758
129,15202.003136106707,494.361009428278,0.003733710179240022,2020-09-25,30255745720.876637,17303790514.56596,173337001.90706238
130,15201.897951047624,499.9915469708882,0.0038417213157763085,2020-09-26,27209962915.854645,15284500071.657452,190501719.78320345
131,15288.992312550543,504.1613478544563,0.0038445027275975925,2020-09-27,24031232654.37623,15455142624.155056,165258079.97710416
132,15289.654902500295,507.13146176829287,0.0038398438814291587,2020-09-28,25053529378.529957,14165565577.409073,121040807.02190703
133,15046.386324265273,499.52632087573784,0.0037386395395318044,2020-09-29,28014462614.11708,13837961059.675613,152223439.03287435
134,15172.219770653837,503.186461423213,0.003739343519496621,2020-09-30,25632008670.468327,13592040928.128275,164772207.71215436
135,15026.941257511051,501.78118693048435,0.003669308443800797,2020-10-01,25891948687.55698,11215433289.719,158976313.1619344
136,14798.07503218037,491.7820878121433,0.0036620636034389187,2020-10-02,29086264688.367706,16479714332.831408,174400199.49819797
137,14758.058487764296,482.8482847871633,0.0036063999122003384,2020-10-03,29674373926.630386,17021828933.389925,191927580.52122647
138,14721.739973884509,482.9598076128866,0.003612973783187815,2020-10-04,22389487020.621597,12469458164.752531,177536004.10495034
139,14880.996547660481,491.52706795100255,0.003677409425105407,2020-10-05,22353722224.493515,12418642080.904129,143826543.147602
140,14995.641703898393,491.6636182836136,0.0036367664155743853,2020-10-06,24823894792.44911,12910709465.937756,196332741.46139956
141,14922.720489819105,479.25117069890416,0.0036674168355173456,2020-10-07,27323819158.4807,14465470257.720778,164310989.14454883
142,14950.620023015254,478.4822641948378,0.0036226800096621535,2020-10-08,24136330889.882664,11272779126.157915,177622086.2640862
143,15179.552484280825,488.00176697764863,0.0036155987829518776,2020-10-09,27557911754.653755,13008028039.5959,150959714.7264765
144,15277.99752134749,504.5220824333481,0.003675805585304659,2020-10-10,26590447422.826427,15607289621.520699,141441483.38462973
145,15586.353252620582,511.6097158563549,0.0036677386073693022,2020-10-11,26924223858.900055,14740436147.458075,136549289.60651675
146,15741.309282326998,518.2978769358791,0.003692902140072442,2020-10-12,22509887874.073074,11072745332.16293,146370649.33246684
147,16014.366731403732,537.2566753526403,0.003717900799695628,2020-10-13,29075585566.590656,17284698653.655487,136774357.1388674
148,15949.117997794494,532.0391862958566,0.003681312420128991,2020-10-14,27297258037.09322,13597440517.74335,114427328.96314922
149,16018.56106109876,531.155631130139,0.0037103622560747973,2020-10-15,28633738851.45849,14950112459.32081,129439130.763444
150,16218.166736926312,532.1018789633831,0.0036555671976119205,2020-10-16,28937947086.950027,14327734630.189545,117925706.98011336
151,15985.169465867524,516.8629648927518,0.0036798489570184006,2020-10-17,28861325126.04362,13240461989.640722,161542853.59381315
152,16051.143690259125,520.6192537617145,0.0036643314506598777,2020-10-18,22102699063.843937,11421097272.944942,183269443.38744742
153,16207.184191427012,532.9826903688385,0.003664823607461863,2020-10-19,21950651451.07938,10612811428.37266,104994176.31138083
154,16664.990834619053,538.3432051571731,0.0036903873789841633,2020-10-20,25696930971.877174,12755321300.683897,126436980.53090523
155,16898.98194527934,522.5303351881557,0.0036896907182509403,2020-10-21,30412942572.95962,10631511618.17614,84037368.09863292
156,18028.49041014364,550.6720223018365,0.003691444946165608,2020-10-22,41267716575.20346,17918687374.03377,58472152.22475329
157,18173.75979395341,579.8321638445077,0.0037256664026886145,2020-10-23,35181091949.40712,17161211360.926867,63139000.47139852
158,18109.087765616016,572.7548134441113,0.0037078106490402193,2020-10-24,29948007152.69093,15647945211.262514,65197267.28114873
159,18358.385703799973,577.0547579821089,0.003694334577177755,2020-10-25,27038533865.15117,13074633548.06142,64981813.344427705
160,18267.984677221906,569.805504365319,0.003721702199052017,2020-10-26,26653701149.3912,11910169251.74029,78492841.70990717
161,18343.804297118768,552.5039345394566,0.003755099720639676,2020-10-27,30207323224.18779,21042859544.60532,144486108.02474657
162,19169.149286816653,566.4751863507553,0.003756953986746845,2020-10-28,33576806483.10339,14577668079.792986,103513731.7569198
163,18843.621516470135,551.6718940448944,0.003673704611433463,2020-10-29,38055884737.750275,16048096407.779764,105809412.18575002
164,19097.52198947988,549.0424000596686,0.003674081070700083,2020-10-30,32479495484.222237,14625397830.367313,94440036.00531605
165,19259.04001826449,544.7445031389294,0.0036846952194697254,2020-10-31,33408401642.48009,15078663303.18867,85267483.98837909
166,19602.5646380567,548.9326079012618,0.0036461808569404138,2020-11-01,32282271715.63957,12817412680.095352,84296770.37917605
167,19582.11149390074,563.6649954628397,0.003674896240308907,2020-11-02,28219131199.49909,12352874431.741173,76143931.34344661
168,19220.80822399799,544.1965333549414,0.003579566014460595,2020-11-03,32082286784.142593,12039489434.484268,78714150.4673041
169,19449.01902288237,539.2662409279799,0.0035028119205050582,2020-11-04,31422747854.418377,13235275196.186104,95452387.29425123
170,19648.485042240874,559.6142038876328,0.0035121829632783676,2020-11-05,36027906074.42934,16226444941.555492,97510724.4437386
171,21418.804152193243,572.7824512158987,0.003656550744699227,2020-11-06,50007710715.781265,18737609034.060043,96601419.61992556
172,21422.3089903465,626.4143495656391,0.003799139321631376,2020-11-07,47566253903.48088,22408857431.88556,124569451.867081
173,20416.7245032918,599.9150540724419,0.003681728554189305,2020-11-08,41843283615.4249,20869035959.15742,95536188.91187537
174,21263.812575117838,624.835920783706,0.0036793717703402437,2020-11-09,33045742649.064915,15306770296.982204,63267055.333140075
175,21082.415040368352,611.8387160349433,0.0036751686049467246,2020-11-10,40557831387.85573,16546748275.275509,74474288.02355897
176,20983.77984676828,617.7775477940773,0.003797291088087855,2020-11-11,30103216376.44321,10813015018.913502,85846714.45110624
177,21535.533579583112,635.8709120281717,0.003804873485499738,2020-11-12,32935154286.881493,15728485278.14568,75774692.73030147
178,22467.847654768586,638.4672704005078,0.003849308723649715,2020-11-13,38679331254.61093,15327727333.590055,58696737.788264595
179,22457.027729410176,654.6807332841296,0.003903761556021663,2020-11-14,34147812113.665573,14874813383.72017,67537008.28380224
180,22138.945895465724,636.454810886812,0.0037870311726252376,2020-11-15,30393199613.360485,13444508049.037876,67631205.95482658
181,21931.16424794827,616.3171223313472,0.0038147457577053304,2020-11-16,26321658651.219494,12275090565.875929,59867676.576054655
182,22833.881405624725,630.2884192430002,0.003955711508343541,2020-11-17,33615239228.64363,13490162301.156776,89165771.95036417
183,24189.860544070318,660.7993622429079,0.0040352462054152,2020-11-18,43266448348.19037,17176821595.18286,91213953.98726843
184,24412.69345516133,656.4494020011285,0.0039980356654481415,2020-11-19,54890912832.07863,21073120933.117107,86174665.65450284
185,24510.844689450307,648.2917246380539,0.003995228622413556,2020-11-20,42071742404.01114,15075674987.72094,103057867.17835113
186,25509.142205449836,696.7085135357285,0.004093710648100672,2020-11-21,39342821311.02792,21317164983.48172,111642457.45548908
187,25592.281790511246,751.5503657813377,0.004806527701289673,2020-11-22,42725921121.81242,23649333126.755283,253675120.26200485
188,25147.63527560258,766.4493813615751,0.0045765892475006795,2020-11-23,45138751445.29125,28446653888.88235,213619218.15538865
189,25158.868519706884,833.4907621998585,0.0049194408708346845,2020-11-24,45752448025.20654,31336262697.052856,181616248.4357794
190,25918.653229114836,818.1797178259395,0.005639213132972765,2020-11-25,67105533413.42812,27103610365.911205,372108626.47024596
191,25465.747391868175,771.6807199439816,0.005059184995495017,2020-11-26,43652318160.41213,20612062528.29872,256130928.1837426
192,23290.564969315597,704.5961959817699,0.004415023085108089,2020-11-27,66236194879.33333,35325251467.954544,237977647.68643457
193,23208.190202250342,700.7745610485825,0.004443125336948595,2020-11-28,41541635938.89503,19923894965.608265,153856017.60953084
194,23991.75499997278,727.6376576650653,0.004622883180456098,2020-11-29,33175074866.941093,13049270655.36352,131935870.7220257
195,24552.677554641075,776.6491182160773,0.004661283133516359,2020-11-30,32350063193.949776,18408642297.44421,113575102.6385414
196,26646.221722474285,831.9691347050734,0.004838423647495412,2020-12-01,49136814649.58784,25561523805.62798,135607637.00615078
197,25545.14386953306,798.602758141889,0.004549625658041397,2020-12-02,52309190170.80697,31908618744.091797,148276248.6914061
198,25908.28748136241,807.6083108972493,0.004558895674695334,2020-12-03,39011480078.5261,20014903889.657383,113387223.09846908
199,26127.21232128849,828.808745062425,0.004598443772254017,2020-12-04,32724350638.859062,16467368343.697168,107364629.43332894
200,25200.654141918716,769.2906971346149,0.004456388508784795,2020-12-05,35515470176.40494,19294791356.24461,99607611.79756232
201,25776.93825176129,802.5961851204312,0.004572050568275265,2020-12-06,31425734077.11005,15844268179.259544,95839716.27021717
202,26001.180277775962,809.7752329187103,0.00455760097067295,2020-12-07,29373688602.14482,15407809334.926758,87413197.8509987
203,25880.95109414958,798.566630332695,0.004499806677406298,2020-12-08,29703585325.73307,13495194908.162573,90266434.81837592
204,24753.524551139584,748.3217784618937,0.0042985035897757165,2020-12-09,36178863324.34775,18226669134.70796,98519730.01843166
205,24978.79941141286,772.1640866060071,0.004244814435549392,2020-12-10,40104366609.162315,18869372292.749603,100748986.13261402
206,24264.614355104775,744.8336305499281,0.004141256671585639,2020-12-11,32011674467.014557,15402959047.615736,86164683.5460093
207,23968.708616248005,724.6917529704323,0.004087249766074911,2020-12-12,34616663196.94651,15044062858.244926,95695030.80055651
208,24962.958642220598,754.3916671376736,0.004204562287510646,2020-12-13,29093178339.168037,12624540686.409567,88225809.60928223
209,25363.973092836102,781.8321823060484,0.004322122360987486,2020-12-14,31190648660.033157,12029484993.296543,85234690.60010134
210,25560.677211587506,777.0960704453637,0.004279811172900573,2020-12-15,28716686003.23162,10344488397.194817,81527273.85655083
211,25716.555287062278,779.5639761970674,0.004255835128104037,2020-12-16,31990685128.514122,13446265501.746471,87367711.45286326
212,28157.903021941846,840.0242527486279,0.004522147123938705,2020-12-17,51596747076.07536,19524420391.122517,96163731.69572294
213,29938.35271586993,845.503124098534,0.004891821381238317,2020-12-18,79676345836.79388,25899699385.4017,236730515.23968172
214,30328.038491889838,858.4255103503708,0.005042280637269435,2020-12-19,48534405717.567986,21659825788.09415,168592345.00468376
215,31303.029766948344,864.8508968171874,0.005148344140930543,2020-12-20,46242523153.60646,19287441600.15556,165453714.824898
216,30991.7344650446,842.7342572544849,0.00608282022186783,2020-12-21,43364857337.38637,16927309991.286827,575372129.7533966
217,30138.688557635072,805.4584633115007,0.0063360479255727764,2020-12-22,50699671556.916306,19216734718.593822,768862669.2996504
218,31546.423116825965,841.8370679492726,0.006011049691501175,2020-12-23,51352072395.7075,15310556405.037216,313151783.3392332
219,30749.503240449227,775.6712404352287,0.005048139126189232,2020-12-24,56619706183.57492,22158094249.22929,245365995.88033858
220,31277.97058984083,806.7929419024359,0.006038414490535363,2020-12-25,48478127805.54892,19920867986.090675,240804183.76725796
221,32464.340574783564,824.3450257074893,0.006038872345183625,2020-12-26,48191490855.91848,17272142295.320927,203125951.49378577
222,34839.54250535187,837.8796640614854,0.005942596617220414,2020-12-27,55260794040.74481,19265250408.909954,212630752.93241397
223,34730.691924076404,906.4889164705928,0.005980501564011005,2020-12-28,74467306495.2917,32493678796.59486,217188209.23101258
224,35756.11171477623,966.1685639223845,0.006068625201187435,2020-12-29,55609386378.28267,29931955671.231304,174897790.08930415
225,36036.36525259337,966.5804164126855,0.005903778812419799,2020-12-30,50040261585.125206,22562268955.69493,180022633.74664867
226,37501.71140308149,979.0582730567177,0.006055636400089102,2020-12-31,56363376210.448204,17288132193.092754,180644605.0993559
227,37695.73911032242,959.3518715018406,0.006111079263759717,2021-01-01,56504498984.718994,23595036531.92796,165695647.31354678
228,38153.36201051487,949.0820201844965,0.007198922686020593,2021-01-02,44311519926.819405,17994061525.439888,317952543.890805
229,41808.14784219553,1010.8882304853319,0.013782406552642472,2021-01-03,74446876618.09393,26573694838.003258,4051842082.4822187
230,42827.546342729445,1254.6649012443368,0.01308157893646326,2021-01-04,232111654711.55664,182823550888.13773,2991775773.9135437
231,41084.05150147148,1337.054837202659,0.0125039118942176,2021-01-05,97323901987.19669,81195599778.45961,1614956927.1375544
232,43893.075800116174,1420.9698545764004,0.012674041898841136,2021-01-06,86828098630.98943,60720292903.33554,828218720.0312773
233,47254.59233968015,1546.3114025762152,0.013387480269110517,2021-01-07,90875745791.6337,61268826847.077034,895256725.499069
234,50887.48727127299,1582.0308208944732,0.012579759981087022,2021-01-08,101194379061.31754,55385725163.46519,650897680.8326029
235,52555.57125134065,1575.7024925068356,0.01273226929161277,2021-01-09,106675018768.22263,61976674489.011246,545884779.5084684
236,51928.525066074835,1653.3244597990392,0.013169435338296084,2021-01-10,72064197962.67224,44911241838.715096,622940927.2516235
237,49731.87973922607,1641.9296988133622,0.01279770833933975,2021-01-11,95041176631.69922,57688744622.12389,558205116.326129
238,46280.348469452896,1418.0148226552485,0.011490608253889712,2021-01-12,144915567172.69485,87069916025.07741,728871927.8353723
239,43666.75985755852,1345.0726788162112,0.010379581990383841,2021-01-13,88719837228.2364,48244052444.20792,441872100.31793505
240,48355.29395751802,1461.4196758307653,0.011167494546561562,2021-01-14,84274399660.6304,41526298765.91205,360539954.77883977
241,50453.316463224844,1564.9524179640016,0.012174863561772057,2021-01-15,73970005783.48909,44161067710.087524,611611961.802688
242,47759.325844518855,1521.3649242650233,0.012107998670481936,2021-01-16,82374796424.30043,51279508312.479515,576046055.8916994
243,47065.72350083888,1602.7941552140169,0.012027736286373351,2021-01-17,71471304838.39885,49692344978.936615,465531490.1834943
244,46560.72405926466,1599.2447271354608,0.01174360244441299,2021-01-18,65995554046.6583,46191948597.73164,431078751.6741694
245,47630.79057499501,1634.7152068623338,0.011924303273949792,2021-01-19,60872184418.495255,40091477325.22068,380671993.73566866
246,46805.15404468647,1793.5031195962254,0.011736050668094052,2021-01-20,67070132412.511246,67767391717.62202,422284284.8622369
247,45877.07789336851,1786.5488301316582,0.01166179424417433,2021-01-21,75294012417.06407,67062281218.13798,404442829.12848955
248,39838.603349835466,1447.1017434605578,0.010516234066201858,2021-01-22,89455793196.65967,63995130817.30138,382946371.2667628
249,42710.54948634914,1602.632913665773,0.01103707923033734,2021-01-23,90130345581.75366,63055771245.13366,380754185.488354
250,41557.41924554412,1595.4962445755834,0.011112080473623108,2021-01-24,56469896315.24279,39881575987.13004,342648419.2473001
251,41824.348433881656,1804.6396258003012,0.011312249886624276,2021-01-25,55479639691.61459,51725879920.39575,330816044.7111153
252,41971.0411764485,1715.6807735264147,0.010855438606865105,2021-01-26,65351737142.56504,57202156382.40406,306295563.99309653
253,42030.856019858395,1748.2487938034362,0.010677225703830498,2021-01-27,62551585809.376526,52073984652.63544,273177031.07638687
254,39796.8691345832,1638.0441359778363,0.009720780178034858,2021-01-28,67336905549.18709,50655215535.38482,289433942.3324371
255,43180.28324913291,1731.955425658208,0.04254709476319965,2021-01-29,66573648474.285545,42581419354.79643,19474511335.099613
256,44688.327104595075,1806.1820095654537,0.06196085122629928,2021-01-30,127543205738.91586,64714086279.33542,28469175479.26738
257,44752.05524400904,1795.9006298789814,0.03731630704528755,2021-01-31,68046651031.58543,38709651072.073456,9706475616.28616
258,43382.62041287536,1728.0307716570549,0.049843156340842215,2021-02-01,55747190275.75267,32437859573.785275,10175072894.86968
259,43754.26420804666,1792.639748972974,0.045300123449252154,2021-02-02,64531022886.61774,37386224530.66191,6098988634.463786
260,46646.363995998116,1990.4505340407427,0.041568809181728644,2021-02-03,66685561633.75711,56460986136.166016,3213448802.582594
261,49127.97869368447,2176.3495841390277,0.04897637698698028,2021-02-04,65201537321.70924,55296228487.177025,3533497258.382905
262,48432.594996520886,2088.7727242907895,0.07142045791670751,2021-02-05,71688633233.41388,56130950593.582504,15793794002.358759
263,49508.69819894691,2246.784809947519,0.061302767265922015,2021-02-06,61803114123.02946,50993273257.56629,6722424140.97508
264,51165.04896782888,2193.4884630686383,0.07538841723067342,2021-02-07,74347872374.54788,47905320687.04332,7398443390.006135
265,50572.65902653038,2094.3904737771322,0.1029919595392263,2021-02-08,70067072636.2412,50580787127.067924,17962792072.089996
266,60067.86977182561,2271.306476806877,0.1027693755544768,2021-02-09,112844559432.50528,59072891166.94792,14040101395.965937
267,60163.03452561763,2285.2739694579204,0.09039656672257047,2021-02-10,101838134846.39923,54420806859.49727,7984826921.746474
268,58075.38042424607,2252.0750391961255,0.09451225522582757,2021-02-11,90644721503.356,52525914453.32459,8163187134.229414
269,61688.99800352598,2299.6752973556536,0.08999291162103086,2021-02-12,85390331177.47458,43694842833.52287,4357048508.028175
270,61108.63601429679,2372.9835322479216,0.08954074656034798,2021-02-13,79832698691.06729,46533519463.389404,4573288671.357719
271,60523.75495085649,2334.809836340033,0.08622357265923022,2021-02-14,71317019279.574,42941881175.47732,2933332527.7810836
272,62598.67904629116,2324.8556802933367,0.0798896922130026,2021-02-15,74357213498.31291,38922160820.23142,4273377443.1256275
273,61515.16471682282,2280.4661661809205,0.07309082670407935,2021-02-16,78420642282.52536,48353934967.686806,5191650940.367317
274,63630.00118132838,2302.117578325246,0.06988682831876254,2021-02-17,82889009363.14252,42944190993.379166,3511765186.2572575
275,67230.09658266055,2379.5427516108316,0.06336170567978776,2021-02-18,88291281851.89001,43298567496.51134,2913836418.645878
276,66587.50391700758,2495.2025106146107,0.07746778417918461,2021-02-19,75280090740.52325,44792276994.54378,5999077095.444437
277,71205.49734942874,2503.15078841589,0.0705194110621017,2021-02-20,90720754108.39218,44214443508.057,3873362806.767148
278,71645.26040006269,2451.8597577884066,0.07006568609036717,2021-02-21,98299425703.32977,57132999014.07177,4247732209.800405
279,73101.37847350698,2461.6184800922288,0.07178139865798096,2021-02-22,77606374961.5275,41923710803.53448,3452915619.08153
280,68743.21995105452,2259.754342820665,0.06760437954166179,2021-02-23,128276571721.80234,67970940464.354454,4332096277.91021
281,61562.818160148236,1977.3230526774164,0.06005530096245017,2021-02-24,147534638747.27722,79292396571.94759,2992490557.742759
282,62497.4621770657,2041.556804095729,0.07153954617395136,2021-02-25,91698253657.66391,50541958291.51761,5515697143.872449
283,59713.39201671475,1866.474658367613,0.06381028930087834,2021-02-26,76693341565.31046,40326959946.934074,3138578430.074364
284,60412.23942444592,1883.0220971537926,0.06559344881691147,2021-02-27,96497127365.72633,47604197763.83447,2417285979.467497
285,60544.660538342294,1920.8396384837476,0.06601201770911849,2021-02-28,66172017543.68034,36624445404.46643,1918411215.1950324
286,57989.3405727456,1826.4507402575719,0.06220023743957243,2021-03-01,76957247678.59296,45666329028.19668,2033414871.9022977
287,64072.273753335525,2021.5582460693297,0.06565941292008949,2021-03-02,81357177819.74408,40684690811.940025,2126504075.4292839
288,62022.16026344099,1913.2169975062297,0.0646231924586594,2021-03-03,68370161838.11994,37124370909.85149,1820544407.2564952
289,65189.84128402211,2035.7410515140207,0.06541562683549115,2021-03-04,76319343742.09874,39121549057.43268,1590252480.6846008
290,63172.75283672989,2004.9609802964158,0.06500795101350727,2021-03-05,78758863899.78935,38696789581.747475,1734276488.9813328
291,63867.07659109435,2002.2589128962404,0.06494747293480584,2021-03-06,73593530187.69884,37126992135.644844,1767373760.891596
292,63772.82599634735,2162.121754856503,0.0661965566855058,2021-03-07,53962739873.9072,40453684437.8674,2031000786.192542
293,66542.71588378567,2240.1706882578283,0.06723396485061647,2021-03-08,59842461744.92433,38147449732.83263,1315330831.768923
294,68340.80625921849,2399.542507935811,0.08055935367427396,2021-03-09,69960776448.32965,46166986461.31519,4737393804.811611
295,70883.3493362877,2423.307373592215,0.07501620945588242,2021-03-10,74405441521.24487,40378146449.02459,3279100365.741436
296,72465.63801259632,2331.390326519715,0.0726945785864272,2021-03-11,82219124395.61922,41066474823.23504,2169307010.2089276
297,74215.29607278862,2345.1124885383088,0.07185326227263643,2021-03-12,82969200247.13083,40142968473.68785,1785431464.869364
298,73916.28017240278,2282.3400455034607,0.07102520325659871,2021-03-13,77307191877.08023,36648375068.44555,1739045073.028422
299,79021.55553099942,2484.400199154104,0.0798109734664158,2021-03-14,86776840786.0044,42253744725.90565,2460185455.3251057
300,76559.07032209753,2403.9573371031893,0.07578487399906748,2021-03-15,61969838458.14919,33983343279.289658,3554426604.543213
301,72043.61975950567,2311.7018802614134,0.07341752569774124,2021-03-16,91136143616.0362,42528945517.39888,2250050565.242352
302,73375.75646079695,2335.0910102328307,0.07575670217241294,2021-03-17,81625683959.06303,39621145356.082985,1874655201.200208
303,75553.62248073074,2341.2560602288236,0.07472631889621899,2021-03-18,81126972435.71834,39361034657.779236,1267367632.7673087
304,74699.05630703822,2295.765085806632,0.0743394777508787,2021-03-19,75298218773.43024,38240118758.00122,1276995020.4139767
305,75269.17644640652,2348.3245390284383,0.07552273464660866,2021-03-20,67134149776.55305,35339870544.21902,1398162443.8988953
306,75440.91062035748,2349.2642916096825,0.07644788044740793,2021-03-21,70495127437.78186,38117707260.77857,1461147916.7383113
307,74555.31536283584,2318.4644109255955,0.07430751074342266,2021-03-22,72082702476.49406,37850013626.454956,1227425015.7818978
308,70220.12005877281,2178.6537189535547,0.07182111585543888,2021-03-23,80076457274.87627,40523675905.480606,1157342596.5514393
309,71813.32869375462,2202.174336093167,0.07073648131025215,2021-03-24,79442003378.21812,37836010890.932526,1309843715.107074
310,69192.38072349108,2083.583814365971,0.06823295425630109,2021-03-25,96199416442.01324,50604843448.218765,1374482220.0181506
311,67715.29698403423,2090.4476093273147,0.06718223627542437,2021-03-26,83499009517.26576,34669794165.53073,1619513511.55751
312,72108.38566581682,2227.9447990144704,0.07053672857674445,2021-03-27,72644886740.88466,32500397201.83854,1093477851.8740594
313,73155.70997374387,2245.595494885377,0.07178632234088198,2021-03-28,61957240485.98787,27670842174.182114,1333313721.3828597
314,72968.25821077937,2211.3714280510853,0.07122809936586921,2021-03-29,64572293547.50391,26000752038.487133,1091494058.4447951
315,75460.14417124532,2380.027256959386,0.07187624202034988,2021-03-30,75135588571.50002,42711177731.13615,1222164596.4480553
316,77111.34632893513,2418.799031321815,0.07182798569623554,2021-03-31,68855776035.86244,37454895655.70315,1500054915.7902918
317,77443.71866877718,2523.189766360195,0.07160333587858908,2021-04-01,75703686003.03023,38135066702.74533,1372426167.7864852
318,77197.14865078536,2586.9331142941346,0.08086218900492072,2021-04-02,71314906576.73541,42111999063.93632,7818955214.980549
319,77598.26047030644,2803.970730422356,0.076030768084471,2021-04-03,68617694049.33347,46600539865.985794,3216793652.2423983
320,74970.98357874474,2649.674896211352,0.07382832987172061,2021-04-04,68411328540.06041,45819082045.357315,1914656145.7578657
321,76431.30100996967,2727.267725091291,0.0759965111871159,2021-04-05,60585512118.45957,35201023612.408104,1711376779.5169864
322,76660.76876506246,2739.352863746344,0.07810844220709934,2021-04-06,71389624349.37927,40307383805.54317,2379476374.9513035
323,75759.64692387173,2759.7285835492266,0.08433268926256145,2021-04-07,80242327380.94719,43569293729.32403,3887899874.610991
324,73715.60464595922,2612.109451931322,0.0774275044405256,2021-04-08,88795314855.56401,52007185373.31182,3909697168.6700025
325,75823.51154306052,2717.8820873621003,0.08054290384650303,2021-04-09,63612379589.17212,35447108252.001976,1637583297.9461706
326,76277.3040601805,2714.7128794203218,0.08071851221829611,2021-04-10,60180389089.190506,32892381254.442856,1620138722.8831675
327,78688.34496097558,2811.183442498459,0.08380943151160744,2021-04-11,81061357295.94441,42300651847.22663,1958516805.730972
328,78672.84977460888,2818.9115915956136,0.09789683388819696,2021-04-12,61367241237.49534,33258876136.031883,8649159093.775007
329,78520.82145610114,2807.9808265802535,0.09311010817056327,2021-04-13,73387812748.71075,38134195955.16883,3819905477.0875235
330,83103.807050324,3012.1064969413287,0.1225819434640275,2021-04-14,94105302870.77809,46744410947.23884,9636922887.245111
331,81293.58346350474,3144.8008128453903,0.15550827759144964,2021-04-15,103750346301.48619,56111907538.058784,25357648263.671745
332,81506.07632043073,3243.4431912152168,0.23203358328347545,2021-04-16,78043028833.02437,47870176748.08342,22802503780.88672
333,79464.16611975053,3132.9042223165134,0.48347373837401986,2021-04-17,111462332790.24136,56832689641.44375,65849161458.01199
334,77933.62742235944,3032.4114207338343,0.36864415694643404,2021-04-18,82503507821.67249,46065653669.003975,39179495146.38945
335,72894.35308215141,2908.266912871613,0.4145233071203621,2021-04-19,132175721344.56,80148030091.49117,30767089242.82157
336,71750.13956407826,2791.6976930393353,0.527182960166283,2021-04-20,85187053961.74818,51938868342.89712,39721694835.4877
337,72862.77382593605,3009.0631174946766,0.4216512534928884,2021-04-21,88228905609.07748,57917761726.55295,36581169579.266945
338,69859.12907933258,3059.799258002041,0.3975920450674056,2021-04-22,72341129650.78761,56370512833.39609,14497293073.881214
339,67447.92746495185,3149.671130927149,0.3423762888771374,2021-04-23,101105817461.7847,82236083131.47325,16058880771.869871
340,66083.74907533624,3052.0380738164163,0.3217751277229788,2021-04-24,117652333723.52939,89237396579.00046,22311634775.11123
341,64712.91795559118,2856.3874565497813,0.34915340011835627,2021-04-25,63632692724.934975,46005663234.14501,13951167156.065578
342,63223.138348383385,2978.2350318675535,0.32593536421885577,2021-04-26,59676126187.0913,47428094836.56493,8701892685.479616
343,69214.48534942874,3247.026358659283,0.3485429703413323,2021-04-27,77226157646.90846,54867642160.88272,8223535302.596791
344,70793.6578458333,3407.8164483009778,0.34981197254019253,2021-04-28,62395952264.35294,48419252916.16897,5567618417.330127
345,70261.01335720571,3523.6312254681065,0.4136090863047329,2021-04-29,61624064868.81974,54965703520.522095,19626223204.245697
346,68920.91284671551,3545.912979967356,0.3938177633259765,2021-04-30,60384137259.122314,49555210085.23931,7247396459.288787
347,74936.49874960567,3598.1637377676975,0.43900053622652724,2021-05-01,69818622935.50815,45973661952.36191,7505088130.6118145
348,74916.35795587831,3816.1411770132117,0.5097878739628209,2021-05-02,56974288048.17942,47585379978.89857,15056446659.164387
349,73319.41682962661,3825.6393654591357,0.49054428283698903,2021-05-03,50613908929.94388,46280565674.97644,11671190398.965853
350,73731.98788924352,4434.0213425813035,0.5689861839316321,2021-05-04,69777512037.86668,82745225303.01477,14640458581.037321
351,69319.38960120818,4208.174292739278,0.7052147239575661,2021-05-05,92440033149.6432,101698032410.2099,51214371946.07136
352,74070.58168757637,4548.680822238431,0.8451877862329973,2021-05-06,93063152650.33621,82018492572.41403,57578349612.69537
353,72576.13639091255,4488.925157927545,0.7463755050367807,2021-05-07,112395112037.20444,64770341533.40439,24432383334.509193
354,73126.53587130124,4453.680054307768,0.8692355830239733,2021-05-08,86886132039.5639,57343057910.45598,40315181893.448586
355,74914.93074881198,4987.46775172721,0.8076521178364248,2021-05-09,85163666032.45462,76703348190.20474,37498796108.99076
356,74063.48272218448,5003.501421787474,0.7291802616532801,2021-05-10,86394720609.53824,78404105255.56194,62408738110.7467
357,71318.73259879793,5077.140942425999,0.5755452922152984,2021-05-11,97818542883.53711,103118472968.37968,21944036222.004436
358,72610.79786886807,5334.994246236468,0.6335618128652885,2021-05-12,86382910345.08951,86564651037.09721,19501935452.989098
359,64663.658217123535,5051.184728340421,0.5369051915687931,2021-05-13,97663768339.36046,101864053510.30583,13891817501.85397
360,64680.888485612144,4854.149634000306,0.6328409670933376,2021-05-14,134872948754.78723,126045531446.4373,27007124604.531307
361,64190.55276022098,5258.280703631829,0.7264218222241702,2021-05-15,73073159744.63588,81776490256.11473,27051075313.394466
362,60162.20516172586,4706.813208376172,0.6517562751161202,2021-05-16,80888028958.19485,74784449422.88448,13495864328.122684
363,59872.894659238395,4629.433569720393,0.6622793124681208,2021-05-17,90784657325.94632,86793803390.45924,12837985794.736246
364,56329.15448819656,4230.692472828315,0.6241988906597072,2021-05-18,108146436156.36957,96625689082.54367,10413066301.159992
365,55294.036566147806,4361.62944421227,0.6146177325360259,2021-05-19,83454978860.0168,75914175651.34079,7086265478.731357
366,48299.10383139229,3244.0970606124174,0.43877685977553244,2021-05-20,182836331672.8839,152691862440.0527,20695723855.36797
367,52033.370514547176,3574.6735252599096,0.511828926577017,2021-05-21,122243866764.37013,119064233635.27512,17643927377.05226
368,48315.47031629529,3130.188931373107,0.45589682213743593,2021-05-22,114780788094.25566,148804956999.2907,10819542716.326479
369,48549.26497490939,2984.3198752776357,0.4439357180717342,2021-05-23,79162238581.60263,132661492192.99347,8438973569.125993
370,45255.674346569074,2743.05275775718,0.40010147849738664,2021-05-24,109146643423.68257,100714657864.3,10946169992.722223
371,49832.09567093786,3404.668016928435,0.468202222244076,2021-05-25,91769853730.04167,94778239090.41743,10554623321.62366
372,49310.623814447565,3478.484459870723,0.44508414188268747,2021-05-26,62878810888.144035,119329841838.36229,8407096479.551576
373,50923.610776959205,3724.8891835021277,0.4576573241332239,2021-05-27,60769847461.59606,68638146540.04603,5175551906.932236
374,49927.200699643414,3543.3215356794876,0.43120974284166885,2021-05-28,52761780317.44724,56928741252.66214,3949839724.6217227
375,46309.87155579445,3155.59927296964,0.40390253816225885,2021-05-29,64830293798.004265,64184383439.581474,5217760001.145467
376,45097.15758529751,2975.726438083846,0.3925543784445516,2021-05-30,56002080094.6625,61133903329.55164,4399325878.272444
377,46316.640442619355,3107.0598628821276,0.3909075295803894,2021-05-31,39748778039.557495,48491805552.70993,3796390175.7124057
378,48219.886170074395,3497.530907193042,0.4216654354848731,2021-06-01,49007763876.03999,57395123071.45613,3857390193.997123
379,47311.74929002721,3394.963379614711,0.4813105147559799,2021-06-02,43257543413.08704,51451621689.16104,8683016476.229042
380,48657.914772134216,3508.2534344978185,0.5518218666970091,2021-06-03,40336418964.761826,50547046102.63607,15997859843.904957
381,51071.71742228198,3728.5362095856594,0.5191885435598722,2021-06-04,43565017831.15943,49706389985.460236,9824582354.74509
382,47716.47849152792,3480.6820288766653,0.4879194460234089,2021-06-05,50825481192.14079,51666546234.64697,8559105720.745096
383,45918.67224773706,3390.608240481975,0.481710422002726,2021-06-06,44008379896.74967,44865868350.932175,5349763746.133674
384,46285.59895486407,3502.370895423757,0.48113873156880066,2021-06-07,35764862478.44644,37522642068.841774,2777556048.922392
385,43124.11853038862,3326.718087318785,0.4293666345751014,2021-06-08,42987655156.598434,48196296246.82201,4060624680.206532
386,43366.71119937589,3267.0238919607473,0.4231720079741564,2021-06-09,60387021876.39293,62476364329.587395,5623054192.968476
387,48587.01695570302,3390.5729905574954,0.44570088569169514,2021-06-10,70526997116.52907,56892958808.68863,4936851540.72235
388,47601.0932562902,3207.4331029296204,0.4249275843083274,2021-06-11,55403841512.85188,42664247510.23094,3743265343.308224
389,48377.66901914445,3057.394264103622,0.41133878571756377,2021-06-12,47169326872.49207,34706591331.68292,3311910911.539227
390,46271.693412389934,3087.696574153704,0.4061647350242901,2021-06-13,46328838006.12738,36631991008.0478,2926832031.236683
391,50788.393405508126,3266.438662504991,0.4216921911274104,2021-06-14,49540245890.48563,38118980184.669464,2508012687.197768
392,52662.04376496999,3354.1935494986074,0.4251948603909434,2021-06-15,59418286296.96239,36464406261.57391,2986631808.382044
393,52533.21248504807,3332.736070871943,0.41841191894079366,2021-06-16,47755893587.462685,34878542715.301865,2377213914.2799826
394,50333.23797576805,3107.450879276533,0.4035709128476715,2021-06-17,48024175682.910835,34347086021.551693,2429295812.0638185
395,50531.45670784266,3150.617778670543,0.4071342861730371,2021-06-18,48066139155.35309,34022151380.449276,1818400910.6148026
396,47982.23146803995,2984.159397725298,0.3921335281873912,2021-06-19,47021414103.68657,35042104687.50847,2975613271.469587
397,47581.76461237821,2910.281648042073,0.38490896659455864,2021-06-20,38591843746.71879,27356197014.94501,1919155287.0281422
398,47695.33477305563,3001.3009553476554,0.3766309238659585,2021-06-21,47458171054.699326,34972047579.194046,3195488337.4932337
399,42077.457254385525,2520.8086498875623,0.2350658574240454,2021-06-22,68829622884.45796,52402859474.748436,7985072214.833483
400,43007.83583261265,2481.327023424128,0.2506747357519915,2021-06-23,75997280853.77863,51277619488.88746,8142310530.025754
401,44497.76848874721,2602.4630493640993,0.31260014026549343,2021-06-24,52545851050.93208,37098940354.43012,8462840821.963919
402,45710.5640285751,2623.3979855461007,0.3481180957245248,2021-06-25,42001830827.8238,29591178217.945225,5736064425.506332
403,42102.4593626481,2416.5851185746683,0.32082862764910625,2021-06-26,50922953429.3268,34244603427.62299,8756505740.400223
404,42209.0066573911,2394.9487732798984,0.3186887456514701,2021-06-27,48600380632.245964,31961921581.143513,4607801051.69665
405,45591.99423221015,2600.009092120316,0.34493957272121284,2021-06-28,45233867973.88678,32028989060.86165,3613273890.2516727
406,45664.51700549305,2758.514042211854,0.340336132068689,2021-06-29,42885493661.87998,40474576543.83274,3276006694.9195256
407,47868.14824622728,2887.0744901172047,0.3506553459551583,2021-06-30,46739967042.16132,36130542166.97835,3676764758.452524
408,46907.82439842919,3039.9495721896087,0.3382540850293273,2021-07-01,41376572719.88958,38738626646.92896,3429376328.721642
409,45102.91632442303,2841.472776581241,0.32913661703549063,2021-07-02,39012061201.163155,34652603688.369316,4377460052.9331875
410,45088.68159247369,2865.7948895377417,0.3261054618046323,2021-07-03,33313118599.790237,30371701493.972687,2509937078.7971783
411,46119.940487457134,2959.4041125355157,0.3282602052761761,2021-07-04,30524582730.95663,26498531601.58138,1630179412.5540195
412,47073.06459106996,3097.494803662148,0.3282297646838838,2021-07-05,30227351978.041275,28087809479.95299,1320143027.5567272
413,44967.12768019774,2938.732053178857,0.3086648324662951,2021-07-06,34320062459.334503,29943626709.576385,1769278283.3530877
414,45550.96391443654,3095.4055768221688,0.3120716835948316,2021-07-07,34822630691.8139,33011317082.046696,1783389422.2410128
415,45342.68783779631,3095.8355071612623,0.3006208544475101,2021-07-08,31659227139.84784,31199662530.516956,1534705176.0641909
416,44318.02457764557,2861.508973075212,0.27732364136861115,2021-07-09,39112936662.15826,32476033097.045235,2898375401.476692
417,45336.39541193944,2878.0651161010687,0.29223185535540014,2021-07-10,32405687379.82291,29710064985.261253,4350250883.860518
418,45027.679288496875,2836.3065024971156,0.28291185516651796,2021-07-11,27464928549.77094,24168875013.664722,2333808991.832108
419,45797.00284014994,2862.670684195857,0.2857441551627566,2021-07-12,23764853882.24157,19026364982.37768,1219358985.809933
420,44473.23327415991,2730.8867724773754,0.27778687021176723,2021-07-13,28992048557.987556,21932541569.682972,1676200120.61698
421,43919.86999749729,2613.4341203318345,0.2657995618006265,2021-07-14,26791036802.02159,24477045599.90379,1793381265.1800277
422,43953.592351182066,2670.5742032172216,0.2635453144316432,2021-07-15,29115326702.409172,26746922202.9432,1911214995.3443944
423,42737.0682278396,2573.875311825762,0.24619224510722276,2021-07-16,29039684079.28104,24217820290.52713,1564364630.418721
424,42440.65035901434,2533.2215350755882,0.2363099504833885,2021-07-17,30643920737.615,23583751312.13213,1906742187.1243246
425,42696.069503489285,2567.8768569011854,0.2482602058696459,2021-07-18,23944670924.413216,20166737030.754887,3661271740.897737
426,43198.52671721022,2579.135514574781,0.24941068658894647,2021-07-19,24011509542.490883,20780963930.36582,2062541738.710688
427,42133.99793481591,2486.130509717074,0.2355276536251592,2021-07-20,27376476799.040504,21481754100.976044,1577210439.112925
428,40872.685189711745,2447.805259927288,0.23587439870957608,2021-07-21,31365507830.70797,28138620103.756836,2452636606.493748
429,44040.841284119175,2724.9964065615386,0.26056860595150166,2021-07-22,39535098399.42322,35154437609.686,4982692991.047308
430,43885.57399673314,2745.474931690216,0.2595084214637405,2021-07-23,26732005424.95216,29323921766.04484,2153479389.4337587
431,45413.36823082418,2873.8764763308445,0.2628146100844029,2021-07-24,31135749748.905544,28180898463.981583,1876972238.2768285
432,46463.47146549303,2965.455557693345,0.2692268189781526,2021-07-25,30040306480.345215,26255570864.86489,2104964967.2704408
433,48141.40420514798,3000.000784164503,0.2746482814490341,2021-07-26,28416965040.68106,22481787565.33088,2242422021.4673924
434,50470.28477152978,3019.2878597611607,0.2789261754258862,2021-07-27,72493817890.44154,47650849681.93799,6727036718.914105
435,53040.57547797388,3111.830677436011,0.2776370328609992,2021-07-28,49409251124.98382,39175851274.28509,2638739269.164291
436,54256.04435342308,3116.8702381993153,0.28248816923026643,2021-07-29,56069371530.73496,31405479366.247406,2994332213.9121766
437,54048.04842725956,3220.389360697297,0.28203387659237594,2021-07-30,38824594162.33599,24681078688.764755,2340097120.4348884
438,57087.28757952398,3352.0330851789563,0.2807378406787163,2021-07-31,48367210180.02249,32725627325.994965,2162294378.7550282
439,56839.40419433964,3459.948590347021,0.2900724500184425,2021-08-01,38712199999.242004,29375919063.855705,2762038944.773405
440,54364.71659799615,3480.511936481971,0.2816686529858198,2021-08-02,38892660520.312,34988883248.99823,2564444800.926417
441,53342.72525016277,3546.795671008484,0.27686278186523494,2021-08-03,38103667364.47161,36212479878.35259,1374746698.7574568
442,51862.27390786788,3407.9834698967375,0.2655799465254235,2021-08-04,38419065064.874596,35555473251.547966,1401298711.2138085
443,53861.767284291134,3691.6294830550237,0.27322707617943526,2021-08-05,37601529591.75862,39777053493.68893,1304193711.5886564
444,55140.026435611435,3811.0075461634005,0.2709451854091132,2021-08-06,52037017846.57665,51283928662.20162,1499124217.2520633
445,58186.72335014465,3927.043759279353,0.2788860000177856,2021-08-07,55520151959.377144,41974519998.07435,1650289350.6824877
446,60709.49899810312,4284.864867411291,0.34923332907761073,2021-08-08,58095652274.97943,52854423246.46394,6874820417.986129
447,59636.68602401563,4106.761591184178,0.3255955593610042,2021-08-09,54021027983.59614,46638421055.908295,7730452493.840059
448,63198.308740892986,4316.476181711703,0.3487632325571353,2021-08-10,58307037550.17669,52553489834.96002,5248153243.086681
449,62132.12828137743,4285.369575121094,0.35048224598020195,2021-08-11,48559773513.551125,41463065899.36152,4048771060.3964357
450,61926.28912669439,4295.506284818003,0.3606708640330214,2021-08-12,48399122277.041016,38714902375.026535,5656982479.765637
451,60603.677109111195,4152.020379599309,0.36137826531474493,2021-08-13,48813161177.31806,38289178853.079796,6185423456.802226
452,64750.2365461382,4509.433452452526,0.38876446442400786,2021-08-14,46571903737.37082,35266855821.74062,4152936203.7739153
453,63897.50179399851,4435.276060111943,0.3968477887019609,2021-08-15,45179648933.57032,29478128217.40472,5103777632.533779
454,63857.97933635762,4494.508158634942,0.45918595095980824,2021-08-16,44627728640.251945,33150868429.54285,8852216065.25474
455,62712.699810527425,4296.268963656948,0.4368271910996861,2021-08-17,46622797060.952484,35315957512.972176,7530446374.035595
456,61371.81887322904,4144.070005244046,0.41046188244200266,2021-08-18,47527211354.080986,39003671030.3889,6365468244.227585
457,62219.02601383295,4199.632938473832,0.42169733819569666,2021-08-19,47918450883.88836,32068575378.898483,6955429445.388278
458,65424.35045830869,4401.487884124559,0.43934740275523215,2021-08-20,53793354089.84464,28818386426.541683,4638544831.013053
459,68950.0900874587,4592.81085878877,0.4585286754875344,2021-08-21,51152203443.22281,30944717695.80078,4209735458.021824
460,68632.48398975283,4521.857309391465,0.44440254317540245,2021-08-22,59114755734.90803,27124387928.228218,3112507252.9397354
461,68997.55083523148,4543.313516463996,0.44001278107301667,2021-08-23,37980011859.0606,23845565216.728867,2688073863.4601984
462,68689.89283666002,4604.484444737134,0.441049447824511,2021-08-24,49660467460.28532,30673766354.472244,3457336211.060472
463,66126.3501808141,4382.983450881027,0.399312486188733,2021-08-25,52948887817.69989,32457584403.781094,3807572077.240116
464,67348.43400770126,4441.234965309936,0.40279474786033104,2021-08-26,46065611086.72634,28090273043.608288,2962315301.8745394
465,65242.23819712036,4314.073240704371,0.3771669525313809,2021-08-27,46656587463.84511,25908845315.428257,2872118902.475372
466,67112.6033107913,4467.791625160342,0.4016120641284508,2021-08-28,47320238778.45576,25255535942.06471,2720356334.290969
467,66912.19973755733,4437.561124256392,0.3909507288054239,2021-08-29,38957558960.238686,19084157397.730534,1795750629.6361437
468,66884.01841913728,4420.694378528029,0.38533324055946017,2021-08-30,35891608214.25393,19291530425.118656,1753499996.1092777
469,64621.39556981446,4433.041481255626,0.37356494597893497,2021-08-31,44328679625.63676,29813474480.01025,2151203321.6675687
470,64665.86437915078,4700.221018301822,0.38119927186290137,2021-09-01,47635191776.243904,43991310615.27487,2131706932.6428971
471,66264.16404524741,5145.709221888814,0.39833430091752003,2021-09-02,53014258929.35823,46785926124.07461,2359470940.0683694
472,66670.26623040598,5125.792461965425,0.40024941962343197,2021-09-03,53189953429.52922,37992145904.04731,3647279221.689496
473,66969.74253227211,5278.989468840519,0.3970267223115613,2021-09-04,57581588231.76761,40855948649.71522,2792172266.464853
474,67075.0251263764,5223.699338626646,0.40255752709717335,2021-09-05,49603549638.81029,32191444013.03297,2634354732.9132147
475,69418.85500872161,5304.513874848193,0.42015459061017557,2021-09-06,42655029651.836914,26534986216.3675,2796993305.0886316
476,70896.2147308123,5300.778139237084,0.4163357314177772,2021-09-07,50453689019.242096,27141518449.577103,3018853014.565527
477,63600.9054307685,4655.986516614774,0.34555998140230926,2021-09-08,86628620094.07022,57573621663.86043,6514862562.14162
478,62585.77311166261,4748.909396179821,0.3484339798550188,2021-09-09,65391607304.73234,46412009931.60142,3749370487.307216
479,63131.925019985334,4663.634946708056,0.34313426921037876,2021-09-10,52359288544.9437,35012824355.64346,2076389276.2134547
480,60906.23123477845,4363.671744314787,0.326508181393473,2021-09-11,51729203953.54123,32777943867.894417,2124061188.3031075
481,61441.68804160236,4442.775181651829,0.32789682885846716,2021-09-12,46438677151.044395,26838422139.180885,1368555289.052385
482,62713.242508656906,4639.9561891417925,0.3412101965565621,2021-09-13,37449729225.59478,24639680687.82225,1732723575.347755
483,61268.52234493072,4480.717318123517,0.32179119586073507,2021-09-14,55219277357.34772,35151394935.94154,2166569659.5825105
484,64415.61131324767,4680.170311605856,0.3293942162826789,2021-09-15,52813314633.52159,28804191323.3507,1191781352.0008595
485,65636.17730475846,4898.157709533185,0.33689513046072456,2021-09-16,40915321080.18955,25860727317.467823,1223787400.9614499
486,65663.10686234363,4900.523260164569,0.3326814447879881,2021-09-17,43307932989.74209,30708231299.299397,1463987711.7001772
487,64999.52712922908,4696.087327383028,0.33159638845458683,2021-09-18,38165714450.481926,26203704654.735695,2734288035.048392
488,66428.05564135074,4717.291674371061,0.33291337095305584,2021-09-19,38027078313.16144,22403183275.95193,1255475928.206546
489,65211.020115972584,4592.636151004789,0.3228143464338984,2021-09-20,36016242362.774445,19962829265.553696,1129784193.3139122
490,59143.56857165446,4101.50017660585,0.28609901009728095,2021-09-21,56783882664.25814,39230274313.63073,2645290110.9260917
491,55882.971124149815,3797.026390049248,0.2762088343127544,2021-09-22,63567758552.20515,44365484142.16068,2154197430.4039717
492,60255.97965125851,4249.733862700737,0.3105937622145136,2021-09-23,50630184766.18134,37442109958.294876,2424337482.549649
493,61623.155840817744,4328.212352926489,0.3089825166555256,2021-09-24,46024304332.2398,26765157170.171776,1361036924.0115325
494,58875.29333061646,4036.0137028155436,0.287986289689668,2021-09-25,59179504360.973946,39254667617.36503,2273424723.430277
495,59019.460952308415,4058.361961345045,0.2897035356845774,2021-09-26,42550723396.06361,31031805393.732155,1296405465.1893892
496,59660.816775135645,4217.194092174771,0.28324968533360373,2021-09-27,41937427273.88716,34302248055.790916,1472174258.0114586
497,58021.673411102725,4037.383256425716,0.2751027302593981,2021-09-28,41864940910.25543,28690358248.00744,1039579313.2082435
498,56628.72547853577,3864.9468437450228,0.2714988617872445,2021-09-29,40999794569.34737,26202009591.470863,1064008043.5680645
499,57943.43222988872,3977.5358896626967,0.2780182059615174,2021-09-30,41894225112.61711,24406869967.289154,1105463379.393069
500,60671.000593414,4169.7946931086435,0.2831993982678879,2021-10-01,42688802771.46885,26844521655.055367,1069562199.147984
501,66337.86725339381,4550.544087014625,0.3066255619155276,2021-10-02,57949588742.16325,33550544031.931828,1725306327.8924613
502,65781.4738586104,4672.829572727963,0.3018982216678337,2021-10-03,40949615314.540474,29374568600.34306,1402182073.0247564
503,66359.24643937631,4709.164728954681,0.3053549781396679,2021-10-04,35781478143.260414,24918045118.232395,1322726876.2814345
504,67562.87164004681,4649.980239762701,0.3335426768125551,2021-10-05,44838387625.380684,27291744489.657375,4388820882.156711
505,70909.23594865015,4831.229704455499,0.3453613525911333,2021-10-06,48692317918.097725,26109327253.573174,5582768539.90106
506,76108.46509125762,4933.591685010832,0.34685997756836123,2021-10-07,66559552185.37825,33936507854.79084,5645126072.61637
507,73660.33128631974,4913.347475915569,0.3327198262640522,2021-10-08,49954387723.30826,28957019020.128876,3770789445.229573
508,73896.4683890773,4868.7221261756695,0.33242289412005677,2021-10-09,46429716476.74343,24824827146.851044,2414810821.4809184
509,75411.02336188304,4908.455231790482,0.3381170327344311,2021-10-10,43676256549.14581,18899632214.783726,1843902294.6291463
510,75024.80013365825,4704.857276012655,0.3144304137560744,2021-10-11,52902636443.65968,24829066162.934,1584520303.3926804
511,78349.68158074025,4814.600582646014,0.31567311458780134,2021-10-12,57039514024.26165,27795310408.004845,1746238322.7584894
512,76719.36102657841,4763.863209126886,0.30825479417119744,2021-10-13,54502762439.617874,27519602129.00066,2304692984.507676
513,77902.31459447542,4885.374962247949,0.3153755909085335,2021-10-14,55853330486.61403,24796272179.701263,1704378527.0356412
514,77484.48608038736,5117.558680675946,0.31421573063428343,2021-10-15,48544914448.80761,29238097213.14266,1680734904.164683
515,83329.25723801865,5238.517314611295,0.31687210692528217,2021-10-16,72334004581.75064,31202369443.1885,2287850351.0730076
516,82461.85850053742,5196.5307542675455,0.32161775837480044,2021-10-17,47705711341.55426,24475434743.071754,1903319179.255575
517,82901.61379962992,5187.380389135245,0.3203003867028051,2021-10-18,39881279004.30477,23234416108.342068,1802846487.4788496
518,83659.14430762982,5062.0950323059305,0.3320066093204887,2021-10-19,53432157419.79103,25537082968.728832,5969256584.047883
519,86321.64596201183,5197.399110019417,0.329870563946264,2021-10-20,56930778746.371475,23346774585.424007,2212175555.518615
520,88068.4097721075,5546.610520236824,0.3384026625386859,2021-10-21,54234779153.216835,29164016724.26716,2305555312.7656703
521,83799.1776279614,5459.293896037806,0.32630280222426544,2021-10-22,65266768582.310394,67151182001.6346,2291526700.7457733
522,81753.89590120343,5345.897902950629,0.3301092107310401,2021-10-23,54610139129.507515,29034183099.442852,2497972775.36192
523,82497.24764437163,5599.813224875444,0.33697160376791274,2021-10-24,38192391187.047356,22107075289.50424,2114368222.9625282
524,81935.64492956662,5484.744908029067,0.37275179145676696,2021-10-25,40158758038.26308,22092305567.824074,6619741766.069148
525,84393.85840404274,5646.2706239851395,0.353723800552261,2021-10-26,41180844698.2247,22733271518.286777,4458184816.767797
526,80685.93231366877,5528.6116578783995,0.34186804046297675,2021-10-27,44245989403.4501,25197452930.87747,3613330128.091413
527,78200.47295190665,5259.626592365029,0.31893956469912615,2021-10-28,58644355159.05018,38367291401.93981,6329172345.540277
528,80665.58817804746,5692.213212592218,0.39767460330999765,2021-10-29,69450060733.77924,39809889795.33884,23909804043.56254
529,82854.40412575769,5883.771450392334,0.3842050298807319,2021-10-30,51414141391.45071,33872566296.38982,7826474867.698562
530,82261.1754322079,5752.963715025625,0.35691291312894563,2021-10-31,42316653629.928665,21201286777.76639,4787958114.113152
531,81793.48462665654,5710.431087263443,0.37222199244286724,2021-11-01,43237258502.75366,24635315132.426796,5831372591.234317
532,81276.75503961626,5758.55305333378,0.3616649924468542,2021-11-02,47651248212.24093,25578977279.627228,3905635177.4570227
533,85058.83118529158,6181.787973582456,0.36833108351067184,2021-11-03,50210549484.803856,29769241315.627502,3293558509.1252537
534,84563.58162541103,6171.990137791807,0.3612461068102351,2021-11-04,48973872498.263954,30466195224.530136,3059337832.396821
535,83152.49754329566,6141.791485133019,0.35583031433884993,2021-11-05,44750268164.882355,26434463900.951828,2552154886.106798
536,82823.0624831438,6078.191424298079,0.3540343874277127,2021-11-06,42166700188.90036,21882726690.95709,2236508691.9812293
537,83382.86714154774,6121.871661637411,0.35498856645465127,2021-11-07,42493224879.547966,23932445844.282265,2148929941.729579
538,85351.71691232632,6254.346871564278,0.3602980852344509,2021-11-08,33622535646.499596,19825650216.550484,1770274412.3607426
539,91183.37112166568,6494.285650588459,0.38071667393128344,2021-11-09,142170230793.04022,28629248105.251564,5292032618.861995
540,91041.47383961991,6429.721117559608,0.3717320341414221,2021-11-10,55873231563.62827,28025598278.298958,3175957744.095206
541,88722.13336841499,6329.536738406416,0.34873840348964114,2021-11-11,66340830061.83733,34300366877.43388,3848047751.4283037
542,89166.68332989389,6492.0388783574,0.35855646730459634,2021-11-12,48636316693.423256,26128122364.36925,2494469919.2981296
543,87871.2672137264,6389.463715740137,0.3536969707236531,2021-11-13,50286223928.483765,28480881022.076645,2300143695.039027
544,88182.6014679396,6364.086654864404,0.3579053750553147,2021-11-14,40473904138.605995,19030471256.11525,1833223381.1279688
545,89536.99958483984,6346.038627317543,0.3607012360455804,2021-11-15,35581383975.502556,18995450121.063923,2201822394.6071634
546,87042.72026332685,6239.813186069459,0.351249323427031,2021-11-16,43712364393.18167,24423194791.789738,1396016513.8046446
547,82794.88485942654,5812.0143926242645,0.3270755145650781,2021-11-17,67084484556.322784,41312491535.20592,2796878425.6979594
548,83386.8124432042,5920.212131817125,0.32866429627598964,2021-11-18,53937734186.61492,32378595238.62184,1943708778.0426347
549,78311.5794463798,5487.637080224083,0.3046313907347257,2021-11-19,57480464691.105255,32737147813.172966,2379574660.3100863
550,80834.12635089329,5970.135595557365,0.32392079734383106,2021-11-20,52338564261.57588,29588559214.358177,1844385010.9315965
551,83079.22552912199,6134.114495123709,0.32447590548883365,2021-11-21,41035042760.76638,22687491347.680122,1291967621.7421863
552,81766.36313297795,5971.927705528516,0.3161564104475328,2021-11-22,35592733379.734856,20863503345.41103,1271188510.671732
553,78004.67558094105,5673.344766330446,0.30465291289879526,2021-11-23,47037086695.00534,29831021137.38147,1482012988.4570642
554,79966.77511550619,6032.440954228343,0.31371998960105024,2021-11-24,50433700490.19593,32401240458.273792,2450841893.08822
555,79422.5953779572,5928.331320890596,0.30309344583052017,2021-11-25,44010637692.00058,27607106889.76956,1739332235.6500878
556,82071.02818491754,6292.588299053999,0.3087985103893591,2021-11-26,46988561564.81317,28205498565.111855,1671133029.7477658
557,75568.99988660082,5683.438546737064,0.2841816539012163,2021-11-27,58017431368.80566,41101694365.46736,3326304627.741027
558,76559.60931075082,5733.664077334006,0.2869331798840233,2021-11-28,39669877984.501015,23165115352.47032,1722158731.145447
559,80155.10551743124,6007.806033469215,0.2906285816648204,2021-11-29,38734065832.24422,24378860774.728886,1843166707.2070887
560,80952.12746852111,6219.561761575294,0.3011392190414932,2021-11-30,43359909557.56812,28198687673.074924,2636343632.799828
561,80049.53891388372,6510.982462192977,0.30185700262186704,2021-12-01,50158718503.63863,44272866890.475395,2391790271.4367905
562,80422.61386668906,6455.466328382905,0.2946936961344658,2021-12-02,69469293514.64772,39323925660.66436,1292156025.0428584
563,79727.79793876092,6376.501943650953,0.29586179351053254,2021-12-03,51210690771.76955,31867461989.027622,2701577424.021423
564,76857.40400500402,6058.965985588634,0.2875924333297555,2021-12-04,56482228202.59452,39468879002.66152,1870156475.2967331
565,70211.33613775905,5857.834468762847,0.25562197580598023,2021-12-05,79893449666.24382,57909082544.91727,5361201950.113404
566,70228.41015678227,5984.742342577453,0.24426801603804166,2021-12-06,46791754409.62433,36845446828.164246,2050789463.408393
567,71588.88028803913,6167.879690432508,0.25292331263421725,2021-12-07,51251296366.29962,43520600913.09209,2611573625.302592
568,71094.42900948458,6052.199373112602,0.2487408673256436,2021-12-08,42228117019.122475,30620107420.011074,1572516508.5622299
569,70494.43568041755,6182.389178336918,0.2499141959957323,2021-12-09,37095619466.467606,27430155583.141037,1416311670.0938525
570,67001.91208759237,5811.343968365286,0.23884588152785874,2021-12-10,38155292031.333435,31734139951.557903,1310476502.2470598
571,65948.97351621585,5462.61833942638,0.23049802677477918,2021-12-11,41282978400.84773,37362344483.23588,1087623604.1787026
572,68649.53078912747,5687.739351561264,0.23549031398505513,2021-12-12,34321947333.06596,27598148164.363728,1055225860.9860164
573,69838.82222490184,5770.950587011751,0.23708497470998835,2021-12-13,27727061230.39772,19599580596.988457,898014522.6502725
574,65487.55145879807,5305.185276291636,0.221166995472526,2021-12-14,41551066147.37456,33782954004.461292,1263756808.4224565
575,68126.34803936725,5429.753040813884,0.269097617814941,2021-12-15,42431912557.4543,29224920848.359974,8440324428.136252
576,68287.96615341639,5600.439099136762,0.25345254168801024,2021-12-16,47141257803.65676,37489400073.52887,3102665629.7426195
577,66479.59367492957,5535.806239033148,0.242791227868666,2021-12-17,34427575215.137054,26715567304.790123,1600915961.5559843
578,65009.07534174109,5453.938312426167,0.23805779133841778,2021-12-18,42963270104.29782,32567892383.572998,2391576178.31545
579,65913.64469996991,5566.132293103509,0.24205398471026862,2021-12-19,32704283366.922386,26282210077.428654,1099277765.6454263
580,65759.83109284932,5519.118988443135,0.2388353341477875,2021-12-20,32317040774.12124,22420129933.97008,699592668.1190543
581,66277.98769660032,5557.017165370299,0.23706226349274764,2021-12-21,41294415826.61842,30157726293.031498,1579581701.1043365
582,68756.96022202367,5647.363138554903,0.24087741152108263,2021-12-22,36045483079.30057,23266572309.93636,1169605431.950481
583,67594.49113836471,5535.277224725905,0.24116762422437085,2021-12-23,30344926245.168736,19440382005.177086,1384444650.002091
584,70370.96547815995,5687.025060825491,0.2544513911204439,2021-12-24,36525689561.95186,25675362174.92962,1804533968.9475045
585,70447.39385750757,5613.669285972444,0.26031720489038174,2021-12-25,31196825256.322678,18483001835.381725,2625229536.162915
586,70135.59306193981,5690.437284841411,0.266301731917663,2021-12-26,23859544973.90175,16431229736.898,1671074355.65373
587,70327.16650737285,5634.717370849544,0.26370746468009093,2021-12-27,27150214472.400673,16338166825.766178,1296335216.5165668
588,70169.76171997486,5590.2609658649135,0.2601967430747225,2021-12-28,31501139585.10398,16204268993.079132,1254231154.226048
589,65969.04038998579,5262.800015183121,0.2416933393436312,2021-12-29,40830850354.15199,24894129762.838573,1605693909.1264434
590,64094.5448135923,5022.672306089854,0.2318255173532811,2021-12-30,36313041792.153366,21401609139.83554,1552326789.2137728
591,65099.95545520548,5124.670668129255,0.23668817098794853,2021-12-31,32767848044.22401,18547366131.816372,1209582346.923668
592,63761.686262467374,5074.546910826068,0.23474752914373784,2022-01-01,35646450661.40286,19682547771.46821,1243681561.2559714
593,65821.60425408141,5203.8240593329865,0.23899860181333415,2022-01-02,26023258834.86533,13694164985.02624,963912858.6459558
594,65204.282683417485,5277.462694939772,0.2401574234261164,2022-01-03,46448061143.561615,13855783402.544537,1056259615.9481224
595,64661.99989683635,5238.153575030639,0.23682835577747685,2022-01-04,30419465642.05702,17319030571.259586,1000258842.9509032
596,63459.0623571047,5242.308860369537,0.2328853029394511,2022-01-05,34391470768.21591,19137703651.84121,1012887367.2534828
597,60439.296333109574,4925.336975747374,0.22160539216331418,2022-01-06,44086377774.39213,26009115118.253555,1701039208.7496083
598,60336.22661721403,4770.367463669026,0.22406196230641104,2022-01-07,36811468270.28476,34159611565.445568,1379801831.9482696
599,57844.97690297579,4459.9141379813955,0.21627337523006773,2022-01-08,110996937980.00066,33931188798.376823,1611247913.119775
600,58137.466900376356,4317.554438990162,0.21071470519241067,2022-01-09,32491942397.048744,22230404870.95756,1055595738.2958144
601,58309.45468149945,4397.29234495301,0.2096436852892414,2022-01-10,25095216493.246826,16584355361.55756,799472949.671365
602,58310.896610951604,4298.794879826345,0.1995791653039375,2022-01-11,38973360319.19511,27373367143.52623,1152082400.669064
603,59334.85775854738,4502.993343560044,0.21312593611366792,2022-01-12,31643932619.12408,20698084751.51382,2093042053.3707724
604,60395.386163147596,4638.678354818886,0.2217652076545789,2022-01-13,38792976444.60102,20990514162.79917,1194880787.568789
605,58518.603352462385,4472.848910541432,0.2371574654419649,2022-01-14,60300370908.3628,19227355836.57381,2972895210.327854
606,59831.91046830471,4595.513139460657,0.2547571448416595,2022-01-15,28081470810.947765,17089340662.578188,7087266070.866709
607,59978.706315371084,4622.237983900691,0.25670605346724523,2022-01-16,20328860507.164246,12015622509.384293,2386535077.7250466
608,59760.3667279771,4652.671271640477,0.24626445453853357,2022-01-17,20029723645.087788,12480196551.148008,1458980633.8626285
609,58674.355371975034,4461.372648410594,0.237810942235543,2022-01-18,24545610105.140232,16558797252.784895,1475713042.0143123
610,59003.455818584436,4406.5449226828105,0.23013359003642683,2022-01-19,26301033002.98501,17673972875.62472,1312188264.04439
611,57865.46277706606,4290.601150997372,0.22516337659429503,2022-01-20,27202067812.62837,17681048648.63537,1168236522.336031
612,56430.5769623302,4180.794187654113,0.21511942343838092,2022-01-21,29014208519.690613,18563237380.59769,1039079712.1993004
613,50851.93894566213,3571.791782605878,0.1979295179874539,2022-01-22,53342610127.685234,40831435120.15238,1820138886.9244714
614,49001.70278224168,3353.159573413927,0.1858233712152957,2022-01-23,49470961340.833,39348890602.81127,2639878504.511037
615,50523.81784530346,3532.5240684890864,0.1971896711601634,2022-01-24,31818865553.950317,23835272751.61226,1816747274.351369
616,51406.78909821586,3421.8505969046405,0.19280957511471086,2022-01-25,50863213232.05043,40169700365.39395,1997088010.4193864
617,51665.50653191548,3442.5553935232265,0.20082497216707607,2022-01-26,64487960607.70742,22538179560.599464,2136782065.8472245
618,51784.68069621527,3469.7293953977096,0.20221673148662922,2022-01-27,37580136209.011505,30077568055.628456,1675204595.3075323
619,52972.103746786364,3427.36948415477,0.20170305535776079,2022-01-28,31344594900.6771,23422977561.43632,971287102.9329045
620,54165.67789626973,3650.54810620772,0.20322182639794775,2022-01-29,27494690120.380825,20500439833.002953,612502676.9431773
621,54708.871407311104,3725.663411577788,0.20538928738330145,2022-01-30,20289138050.04271,15372304896.742756,611416706.1651906
622,54333.037045477475,3733.7380322601766,0.19986889370615216,2022-01-31,16889599752.981594,12784504141.53175,464098886.86041987
623,54544.3989356727,3803.6824005722174,0.2011341590476087,2022-02-01,25084789670.770214,19545258263.405083,882970313.9653543
624,54446.479239549466,3921.869390220652,0.200261484568932,2022-02-02,23986473317.1154,18472723945.124737,631474712.8588701
625,51967.50990951767,3778.527170897721,0.19323731173679953,2022-02-03,23468899427.410805,19466781386.03843,732064793.7365228
626,51945.231352936695,3734.3994726075002,0.19301458072922842,2022-02-04,22592272259.772175,30584339583.0944,692377614.7420092
627,58954.605580776195,4234.239004798381,0.20955057688671755,2022-02-05,35857869088.88422,26548758209.418186,842292139.7290838
628,58699.75402325134,4270.417640150774,0.20847387081734123,2022-02-06,23698574716.97681,18441899013.36738,873541555.5561227
629,60009.829742448856,4327.159611431545,0.2175548733792101,2022-02-07,18658254506.90598,12751692729.278715,950353012.5805519
630,61612.084527928084,4420.896437147265,0.23259391536030577,2022-02-08,33915894733.93164,20249386602.406708,2177534982.3622756
631,61839.66904839171,4377.099825431466,0.22206085004665577,2022-02-09,40622777680.453705,23591831708.521305,1479331665.4936178
632,61838.784094859075,4515.48130457446,0.22209207191593927,2022-02-10,27559687666.02893,19513264017.51237,1161624025.3000197
633,60903.13766158248,4302.225180109747,0.2122323874716468,2022-02-11,38916040229.1001,26509794077.149708,1185279287.0147188
634,59483.43471866481,4106.923461520672,0.2032287330800418,2022-02-12,32623558795.5087,23207411412.55362,939716948.0587428
635,59210.67718259171,4089.051745585708,0.20245318378164578,2022-02-13,21691416775.49825,15928937139.136322,775861402.0816921
636,59102.86359383969,4041.913587545376,0.20841099476309388,2022-02-14,16992311686.085108,12619370003.779495,1722694762.957311
637,59782.199359452265,4116.362119904657,0.20482580101535452,2022-02-15,25367023190.230064,16991361617.087437,1000062891.5864856
638,62359.25160722354,4447.8250924414915,0.2123287504816501,2022-02-16,27701614416.780544,19851018470.28894,823699999.5996771
639,61230.02820031911,4346.830255339936,0.2072797744721105,2022-02-17,23410478631.26261,18229319807.371983,648922890.1226574
640,56420.92444591575,4008.1682458199416,0.1933093988287101,2022-02-18,30977291864.240257,22592908272.075314,886156803.7762381
641,55859.366876000575,3892.256556323483,0.19366173275645693,2022-02-19,28059673830.505768,22392042271.862537,653979871.3328177
642,56025.61137282314,3859.7332721193957,0.19717693113318258,2022-02-20,16357942661.263498,13878217383.335186,740180333.5915314
643,53710.557912379816,3671.1987954500255,0.1914180130285439,2022-02-21,22310954476.69881,17035342567.212605,600654890.0258425
644,51588.26958755167,3583.7766950000578,0.1789109675733618,2022-02-22,35044009106.191605,26735611318.87367,1035702731.9634781
645,53053.43793899355,3658.76829625214,0.18228847145120938,2022-02-23,30738616289.32357,23324852615.9896,800502510.8996223
646,51709.68692735824,3590.1242509602966,0.17736562165857409,2022-02-24,25608148081.42249,18974117131.989452,726057593.6453809
647,53572.22526409541,3630.6590338544547,0.17312503729733578,2022-02-25,57030312462.1943,43279133112.0554,2172167629.822793
648,54410.8161815425,3836.10243301498,0.1770252428550445,2022-02-26,31248100264.4174,24566528702.8433,876393640.7777295
649,54036.7709392652,3850.3439458016514,0.1765340911923717,2022-02-27,20138513310.005592,16566619787.862568,588041714.8531531
650,52615.37701762488,3658.999388150484,0.1720882284396644,2022-02-28,27035051880.29493,24087098167.85741,1142985732.4722445
651,59514.6390776993,4019.4137532459913,0.1834647351275808,2022-03-01,42178625788.88595,27306893391.358067,891596635.2946934
652,61274.787156047176,4103.3205425813485,0.185066323551426,2022-03-02,38425630063.507706,26202987742.486652,913793051.4075589
653,60288.84164078497,4048.411172765006,0.18258403752969687,2022-03-03,35114404890.6706,23336530383.855698,755644837.6813456
654,57931.43874258606,3867.6962540043673,0.17696504475886607,2022-03-04,30492937132.136475,18796101431.782978,618168491.9661096
655,53181.792241661904,3553.5966525323115,0.16638104845289894,2022-03-05,34081219473.46831,21080194121.465565,774167961.8538492
656,53538.38845845127,3620.5480026524565,0.1701374440971026,2022-03-06,20103394233.993637,11738720093.084414,485280090.1798169
657,52047.42832287158,3463.727616437847,0.16367069078941598,2022-03-07,23010053508.908943,12696050225.672071,609286873.353777
658,51981.91513702326,3411.1615864739224,0.1600792826731128,2022-03-08,33578925264.21701,20880947596.044186,693916881.1169935
659,53297.10232397874,3545.4776133041046,0.1609279055525754,2022-03-09,31037941649.17926,20201622868.686527,760276070.7944882
660,57393.56553468396,3733.2411225909655,0.16617074520338201,2022-03-10,39931462022.81844,20789066914.27638,761998673.2950923
661,53588.15869304337,3545.1469276712673,0.1587527520590674,2022-03-11,37546478823.653336,18793189424.490997,817883341.7091146
662,53182.09207827935,3515.052714492252,0.15850331793373634,2022-03-12,32401723882.271183,16888887838.705956,583932929.7451603
663,53358.36088576755,3537.855806003375,0.15783907337759587,2022-03-13,17063215797.084164,8625171341.76368,360015366.5743142
664,51876.09080279879,3451.541556093631,0.15316033568269993,2022-03-14,19819384307.64252,11745056698.376324,507952531.3475896
665,55095.79165805013,3599.3227690530466,0.15811309739271948,2022-03-15,29514897386.29668,15209847956.567747,1041000975.1542393
666,54699.467625396006,3644.1845557472852,0.15680385859740326,2022-03-16,28883564697.914165,17299935500.55913,563038832.938014
667,56468.63057039974,3802.1388614651546,0.16038910477183402,2022-03-17,47975583814.652466,27140275531.927704,622856413.6481451
668,55565.598823551605,3818.1475715971887,0.1578729554192192,2022-03-18,25561338949.492428,17066315020.32637,468754599.9894522
669,56346.75352646503,3967.3394290766005,0.16080072852606958,2022-03-19,40829852363.01288,19582861472.00823,485135569.24947286
670,56837.699291002675,3969.3330315746757,0.16628198391290644,2022-03-20,22330992491.34028,13952504415.048288,734316990.0490239
671,55709.11589333503,3860.7223904332304,0.16082370692491146,2022-03-21,22746352715.187767,15257164667.94162,514196147.3260107
672,55527.23664419885,3917.0081633365303,0.16124918572566846,2022-03-22,28852172508.068207,18784210654.550385,481927795.76088446
673,56800.18007984216,3978.894162825458,0.16395942071186337,2022-03-23,38430332848.993996,20997123822.997093,627512754.2486706
674,57116.564914201444,4041.6262776898157,0.17289038423728625,2022-03-24,29159863409.75959,19024490563.99456,1018689964.531886
675,58491.81736437022,4135.870748899463,0.18136291531683457,2022-03-25,34896895455.46877,21569860403.341652,2000166778.4624562
676,59006.749087079246,4134.262661958633,0.1742480132596876,2022-03-26,34803343221.5123,20674112306.25847,1122723743.4274004
677,59221.45567732401,4178.919428450266,0.18088712278232516,2022-03-27,18196560495.800457,10132873100.08504,904611656.5973623
678,62153.29611348777,4370.009527079093,0.1920122006618416,2022-03-28,29996081125.917915,15936172474.283089,1811775925.9694717
679,62680.45391144984,4440.039125351653,0.1901278804600827,2022-03-29,40081618991.68947,24693755374.32932,1816716923.0383
680,63113.31888265144,4525.891499880916,0.19214075926440474,2022-03-30,34746165875.07055,23867586317.649647,1217666517.9089572
681,62778.76497458339,4513.703505115466,0.19123218684077206,2022-03-31,32677369460.802277,18919612485.147163,1906305440.9660969
682,60758.433328784784,4381.623459560295,0.183926543285669,2022-04-01,37014790261.95348,21648876572.077946,1563579418.2758737
683,61693.58551773821,4601.593637424342,0.1882992970786165,2022-04-02,43931463059.97858,26268149253.14385,1152579951.2668912
684,61202.19715610188,4593.069059902303,0.18550996138853845,2022-04-03,33114710187.37055,29493086753.661507,894287720.0516024
685,62024.03881283058,4703.886364428413,0.19516456721644682,2022-04-04,28731815158.71199,18726705230.31997,1446917233.1153028
686,61802.03344855913,4667.323591621429,0.1968363194341083,2022-04-05,37141836486.80899,22436659726.51774,2913345240.4105678
687,60143.604225432755,4511.645455282891,0.22689921241165972,2022-04-06,33572625400.104195,19921080854.383366,6342985864.688944
688,57532.042506189646,4223.6256942295,0.19099954018043333,2022-04-07,45432715439.47965,34772930589.666885,4682802121.939943
689,58180.800345188676,4322.377968332171,0.19534974243265515,2022-04-08,30698256597.945396,21592637992.349705,1722551575.671248
690,56723.48951824891,4278.855370446837,0.19105942689692307,2022-04-09,32443584581.35533,23490543066.978615,2031186182.5179043
691,57367.843280648936,4377.934458843774,0.19364256349084588,2022-04-10,18699114943.007404,12488971590.437902,887022286.7047304
692,56763.57499872702,4322.4460114112,0.20164075045353935,2022-04-11,20055368685.94369,13434464645.515287,2492053947.0902057
693,53422.77870248735,4036.9306889096692,0.18121051032039537,2022-04-12,40695266540.62498,28520317713.51313,1909697057.4833987
694,53921.68414750101,4074.6824134727362,0.18565226680593205,2022-04-13,37290155393.94396,25451839170.0519,1525852923.0865393
695,55280.40109660907,4187.635667758617,0.1882335498842541,2022-04-14,34148631980.610012,20731464612.494415,1208182802.1170735
696,53948.22404301862,4081.836968918851,0.19450902439854334,2022-04-15,30707152513.08202,21460218054.862156,2290146235.687054
697,54889.76065378494,4118.670428070069,0.19775408043741496,2022-04-16,29825767298.589424,16963620554.428106,1612246305.9600477
698,54705.53792684907,4146.976308267823,0.19477641503385754,2022-04-17,21338055683.60778,12258170872.273092,891950738.8802191
699,53745.211577196904,4051.56372667769,0.18850917542813628,2022-04-18,22488256933.52764,12906854508.793434,925367991.193318
700,55502.496476516426,4161.838016144576,0.19062541423897394,2022-04-19,41615843399.95012,24722931785.248737,1226403846.4264925
701,56130.11143266943,4200.857693005708,0.19300746931884424,2022-04-20,30727923352.109108,18229410459.376545,962423060.5093198
702,55598.247181467,4136.137935507821,0.18915178993639709,2022-04-21,33492360786.29859,20355113881.203148,1340871493.1038067
703,55051.01217208573,4057.9868025168566,0.1853250560562907,2022-04-22,43644704505.05847,27885664584.24683,1000056800.5737206
704,54913.43204895004,4098.233142700154,0.18859169130217518,2022-04-23,63567146147.79341,22314658935.669804,701484215.9662547
705,54590.58837318094,4057.8024081432072,0.1852262425117232,2022-04-24,20713129237.214245,11912802743.73821,469202933.1393073
706,54555.0285073776,4040.102184822074,0.18231699745975755,2022-04-25,23191882613.299526,12712099557.90956,581366565.9443188
707,56391.08716415814,4190.967515178778,0.21935491128773238,2022-04-26,45798862264.90392,30700907077.70454,6307900264.360294
708,53387.06267822519,3929.3697813724557,0.19324110488085505,2022-04-27,43473542248.34195,24850620582.11659,5626789404.127046
709,55065.007792115495,4055.1410316938973,0.19681606620224673,2022-04-28,39533367361.92826,23908077276.632774,2331427911.3868
710,55920.08346258562,4126.9584049167015,0.193107216426136,2022-04-29,44301500858.5578,25683107715.096233,1445038819.973751
711,54692.42232235779,3986.8862403053636,0.19114502075218479,2022-04-30,39279423748.46124,25333247504.960606,1988504383.4285355
712,53518.01885786475,3874.650572905835,0.18077937534651817,2022-05-01,29653469238.472847,17855742180.955975,1206467621.8349438
713,54531.860549207406,4008.0853566239207,0.18824740745837573,2022-05-02,35174291263.73118,20502586121.276897,1306821161.3970675
714,54709.645087084085,4059.288781954958,0.18606600620699498,2022-05-03,42314984611.262054,25112695949.49714,1018619337.5719385
715,53180.61401647307,3921.344784996576,0.1827784941802579,2022-05-04,32492906604.483196,18067049684.52458,725678994.5648532
716,54702.55559521306,4053.948027925729,0.18739120655756908,2022-05-05,43747827379.18592,23889116760.161434,1048634563.8504808
717,51400.31179808957,3866.28183907712,0.18048265180850054,2022-05-06,52509140103.42045,29297914196.925297,1573665211.4704444
718,51026.2892353865,3814.224690198033,0.1809694604405925,2022-05-07,45525994369.34405,28986365485.520252,1233530198.8421884
719,50259.004274909734,3731.605077929272,0.1805493434899957,2022-05-08,27028436564.919834,17700019811.073666,1007459269.5243025
720,48329.5555397594,3571.264783758678,0.17621465993753546,2022-05-09,43705542221.245766,29194683337.472073,956609468.2242798
721,43512.07720635057,3234.184509827892,0.1510462603296358,2022-05-10,83905896805.41692,49438969604.871,1727538168.7881727
722,44742.76230807841,3381.3436834169956,0.1560792581068385,2022-05-11,77974258173.46565,53132146816.177925,2192480647.867207
723,41707.47565666437,3001.696379194391,0.12160982953056829,2022-05-12,95183848261.29907,67145131480.5002,3325717521.163773
724,42381.906501900776,2861.777397802504,0.1208194551397983,2022-05-13,89254083368.00188,60564491733.815414,3021156112.042897
725,42267.74187166633,2898.8432439235435,0.1275676277197245,2022-05-14,103167204841.70847,34579847883.65988,1679408308.9438722
726,43534.73923323369,2976.7363946060364,0.12982292364001524,2022-05-15,37146734727.40451,20759524698.43904,965837722.589077
727,45069.76990258972,3089.6893064455066,0.13407943623699506,2022-05-16,33023290883.37641,20715651238.02478,753842947.7605417
728,42910.751664949275,2905.144652379988,0.12618706867672597,2022-05-17,40751953184.88595,28778779127.35606,778515965.2607423
729,43383.26950253775,2979.972927846376,0.12861127253255478,2022-05-18,35507297394.89069,24186215097.572697,759852202.0256864
